Found 1811 members with missing names
Hidden: ID 1 (03mice@gmail.com)
Hidden: ID 2 (1610527@mail.nankai.edu.cn)
Hidden: ID 3 (2117415a@student.gla.ac.uk)
Hidden: ID 4 (2728967130@qq.com)
Hidden: ID 5 (380074349@qq.com)
Hidden: ID 6 (608chu@163.com)
Hidden: ID 8 (a.b.tabor@ucl.ac.uk)
Hidden: ID 9 (a.bajpai@uq.edu.au)
Hidden: ID 10 (a.conibear@uq.edu.au)
Hidden: ID 11 (a.dantasdearaujo@imb.uq.edu.au)
Hidden: ID 13 (a.j.wilson@leeds.ac.uk)
Hidden: ID 14 (a.jin@imb.uq.edu.au)
Hidden: ID 15 (a.kros@chem.leidenuniv.nl)
Hidden: ID 16 (a.l.boyle@chem.leidenuniv.nl)
Hidden: ID 17 (a.merzouk@biopeps.com)
Hidden: ID 18 (a.rinaldi@irbm.com)
Hidden: ID 19 (a.yousif@irbm.com)
Hidden: ID 20 (a0d203u@cc.miyazaki-u.ac.jp)
Hidden: ID 21 (aafuller@scu.edu)
Hidden: ID 22 (aagraha@purdue.edu)
Hidden: ID 23 (aara259@gmail.com)
Hidden: ID 24 (aaxelro@purdue.edu)
Hidden: ID 26 (abbaswalji@gmail.com)
Hidden: ID 27 (abeck-sickinger@uni-leipzig.de)
Hidden: ID 28 (abhibiocpd@gmail.com)
Hidden: ID 30 (abockus@circlepharma.com)
Hidden: ID 31 (abower2@email.unc.edu)
Hidden: ID 32 (abraham_milata_mary@lilly.com)
Hidden: ID 33 (abrik@technion.ac.il)
Extracted: abrrey.monreal@wsu.edu -> Abrrey Monreal
Hidden: ID 35 (achugh@bioschool.iitd.ac.in)
Hidden: ID 36 (adaligie@gene.com)
Hidden: ID 38 (adewoletaiwoscholes@yahoo.com)
Hidden: ID 39 (aditiarora0894@gmail.com)
Hidden: ID 41 (adtrivedi@comcast.net)
Hidden: ID 42 (afelix@ramapo.edu)
Hidden: ID 45 (agk@iitm.ac.in)
Extracted: agwa.akello@gene.com -> Agwa Akello
Hidden: ID 47 (aharring@nevada.unr.edu)
Hidden: ID 48 (ahncw1@nongshim.com)
Hidden: ID 49 (ahomaidan@sfda.gov.sa)
Hidden: ID 50 (aimoto@protein.osaka-u.ac.jp)
Hidden: ID 51 (ajkuhn@ucsc.edu)
Hidden: ID 52 (ajlink@princeton.edu)
Hidden: ID 53 (akapurniotu@wzw.tum.de)
Hidden: ID 54 (akbal_732@hotmail.com)
Hidden: ID 55 (akbelfrage@yahoo.se)
Hidden: ID 56 (akdas79@gmail.com)
Extracted: akhter.hossain@unimelb.edu.au -> Akhter Hossain
Extracted: akishiba.misao.87m@st.kyoto-u.ac.jp -> Akishiba Misao
Hidden: ID 60 (akthakur@iitk.ac.in)
Hidden: ID 61 (akudwal250@gmail.com)
Hidden: ID 62 (akulesha@syr.edu)
Extracted: alain.fournier@iaf.inrs.ca -> Alain Fournier
Hidden: ID 64 (alainscarso@hotmail.com)
Hidden: ID 65 (alanababcock@uvic.ca)
Hidden: ID 66 (albericio@ukzn.ac.za)
Extracted: alberto.oddo@sund.ku.dk -> Alberto Oddo
Hidden: ID 69 (alex_smirnov@ncsu.edu)
Extracted: alex.batchelor@orbitdiscovery.com -> Alex Batchelor
Hidden: ID 71 (alexander.j.winton2.civ@army.mil)
Extracted: alexander.riemen@bachem.com -> Alexander Riemen
Extracted: alfonso.carotenuto@unina.it -> Alfonso Carotenuto
Extracted: alfredo.angeles-boza@uconn.edu -> Alfredo Angelesboza
Hidden: ID 75 (ali1@soton.ac.uk)
Hidden: ID 76 (alina_butu@yahoo.com)
Hidden: ID 77 (alkagupta@dsc.du.ac.in)
Hidden: ID 78 (alla_pryyma@hotmail.com)
Hidden: ID 79 (alprasad@omgene.com)
Hidden: ID 80 (alseraihalaa@yahoo.com)
Hidden: ID 81 (alsina-fernandez_jorge@lilly.com)
Extracted: alysha.elliott@uq.edu.au -> Alysha Elliott
Hidden: ID 84 (alzy@novonordisk.com)
Hidden: ID 85 (amalmaaytah@just.edu.jo)
Hidden: ID 86 (amanda.r.aldous@gmail.com)
Hidden: ID 87 (amapp@umich.edu)
Extracted: amarouche.nassima@yahoo.fr -> Amarouche Nassima
Hidden: ID 90 (ameya7.l@gmail.com)
Hidden: ID 91 (amezo@neurocrine.com)
Hidden: ID 92 (amidebond@hotmail.com)
Hidden: ID 93 (amiller8@ramapo.edu)
Hidden: ID 94 (amiranda@unifesp.br)
Hidden: ID 96 (amishra@iitgn.ac.in)
Extracted: amisomnath.chem@gmail.com -> Amisomnath Chem
Extracted: amit.mehrotra@biotage.com -> Amit Mehrotra
Hidden: ID 99 (amit4us@gmail.com)
Extracted: amitkumar.pandya@milliporesigma.com -> Amitkumar Pandya
Extracted: amrendra.bt@gmail.com -> Amrendra Bt
Hidden: ID 103 (amritendu7313@gmail.com)
Hidden: ID 104 (amu@gubra.dk)
Hidden: ID 105 (anadeem1@rediffmail.com)
Hidden: ID 106 (anag@clarku.edu)
Extracted: anahi.mcintyre@gmail.com -> Anahi Mcintyre
Hidden: ID 110 (anamikacapri@yahoo.com)
Extracted: anandan.palani@merck.com -> Anandan Palani
Extracted: anatol.luther@polyphor.com -> Anatol Luther
Extracted: anatoly.pinchuk@mirusbio.com -> Anatoly Pinchuk
Hidden: ID 115 (anbazahan1991@gmail.com)
Hidden: ID 117 (andrea_peier@merck.com)
Extracted: andrew.jamieson.2@glasgow.ac.uk -> Andrew Jamieson
Hidden: ID 120 (andrew.white2@uqconnect.edu.au)
Hidden: ID 121 (anefzi@fiu.edu)
Extracted: angelina.huynh@cpcscientific.com -> Angelina Huynh
Hidden: ID 125 (anilg536@gmail.com)
Extracted: anju.tyagi@iitgn.ac.in -> Anju Tyagi
Hidden: ID 127 (ankonad@gmail.com)
Hidden: ID 128 (anna_iris@hotmail.com)
Extracted: anna.adams.09@ucl.ac.uk -> Anna Adams
Extracted: annalucia.tornesello@primm.it -> Annalucia Tornesello
Extracted: annamaria.papini@unifi.it -> Annamaria Papini
Extracted: annick.vancolen@iris-biotech.de -> Annick Vancolen
Extracted: annie.tam@bms.com -> Annie Tam
Hidden: ID 134 (ansari@arakmu.ac.ir)
Extracted: antoine.blanc@gmail.com -> Antoine Blanc
Extracted: antoine.henninot@takeda.com -> Antoine Henninot
Extracted: antonio.mazzoleni@unifi.it -> Antonio Mazzoleni
Hidden: ID 138 (antonykam87@gmail.com)
Extracted: anupreetchem.rsh@gndu.ac.in -> Anupreetchem Rsh
Hidden: ID 140 (anvrodriguezma@unal.edu.co)
Extracted: anyai.arguelles@gmail.com -> Anyai Arguelles
Hidden: ID 142 (aotaka@ph.tokushima-u.ac.jp)
Hidden: ID 143 (ap@chem.univ.gda.pl)
Hidden: ID 144 (apa@zealandpharma.com)
Hidden: ID 145 (apatel09@chem.ubc.ca)
Hidden: ID 146 (apimenta@ufmg.br)
Hidden: ID 147 (appiahkubi.1@osu.edu)
Extracted: appu.panjla@gmail.com -> Appu Panjla
Hidden: ID 149 (aprofit@york.cuny.edu)
Extracted: aramis.pereira@unmc.edu -> Aramis Pereira
Hidden: ID 152 (arianeborges1225@gmail.com)
Hidden: ID 153 (ariani@chapman.edu)
Hidden: ID 156 (arn313@nyu.edu)
Hidden: ID 157 (arora@nyu.edu)
Extracted: art.rand@gmail.com -> Art Rand
Extracted: artur.mucha@pwr.wroc.pl -> Artur Mucha
Extracted: arun.bhutnar@yahoo.co.in -> Arun Bhutnar
Hidden: ID 161 (asat@sanfordburnham.org)
Hidden: ID 162 (aschally@med.miami.edu)
Hidden: ID 163 (ashelip@csu.edu)
Hidden: ID 164 (ashwinidolle2011@gmail.com)
Hidden: ID 165 (aspin@unipr.it)
Hidden: ID 166 (astirnweiss@phylogica.com)
Hidden: ID 167 (asundame@xula.edu)
Hidden: ID 168 (ata@g.ecc.u-tokyo.ac.jp)
Hidden: ID 169 (aucagne@cnrs-orleans.fr)
Hidden: ID 170 (aultriche@reflexionpharma.com)
Hidden: ID 171 (aunpad@yahoo.com)
Hidden: ID 173 (ausundhu@gmail.com)
Hidden: ID 174 (avasilchenko@gmail.com)
Hidden: ID 175 (aveiga@medicina.ulisboa.pt)
Hidden: ID 176 (awirchni@mail.einstein.yu.edu)
Hidden: ID 177 (aws5784@psu.edu)
Hidden: ID 179 (ay23@nyu.edu)
Hidden: ID 180 (ayudin@chem.utoronto.ca)
Hidden: ID 181 (ayushipriyam@ymail.com)
Extracted: azade.geran@gmail.com -> Azade Geran
Hidden: ID 183 (b.belcina@anaspec.com)
Hidden: ID 184 (b.ciani@sheffield.ac.uk)
Hidden: ID 185 (b.premdjee@ucl.ac.uk)
Hidden: ID 187 (babraha3@ur.rochester.edu)
Hidden: ID 188 (babychmargo@gmail.com)
Hidden: ID 189 (bader072@umn.edu)
Extracted: bala.msuman@gmail.com -> Bala Msuman
Hidden: ID 192 (balalaie@kntu.ac.ir)
Hidden: ID 193 (balanaa@gene.com)
Hidden: ID 194 (bangjk@kbsi.re.kr)
Hidden: ID 195 (barany@umn.edu)
Hidden: ID 196 (barchij@mail.nih.gov)
Hidden: ID 197 (basil011986@gmail.com)
Hidden: ID 198 (bathgate@florey.edu.au)
Hidden: ID 199 (bbrenna1@iwu.edu)
Hidden: ID 200 (bclark@sussex-research.com)
Hidden: ID 201 (bdixon@carolinabiooncology.org)
Hidden: ID 202 (bdunn@ufl.edu)
Extracted: beate.koksch@fu-berlin.de -> Beate Koksch
Hidden: ID 204 (beauchamptj@lilly.com)
Hidden: ID 205 (beck.m@buchi.com)
Hidden: ID 206 (bednarekm@medimmune.com)
Hidden: ID 207 (behn@intavis.com)
Extracted: beks.bower@otago.ac.nz -> Beks Bower
Extracted: belaljamal.mahialdin@yahoo.com -> Belaljamal Mahialdin
Hidden: ID 211 (bendorr2415@gmail.com)
Extracted: bengt-erik.haug@uib.no -> Bengterik Haug
Hidden: ID 213 (benoiton@uottawa.ca)
Extracted: bernd.riedl@bayer.com -> Bernd Riedl
Hidden: ID 215 (bertuccm@lafayette.edu)
Hidden: ID 217 (bgomes@fm.ul.pt)
Hidden: ID 218 (bhavesh.khatri2011@gmail.com)
Hidden: ID 219 (bhimani.kajal11@gmail.com)
Hidden: ID 220 (bhunter82@outlook.com)
Extracted: bikash.manandhar@gmail.com -> Bikash Manandhar
Hidden: ID 223 (bilindawang@gmail.com)
Extracted: bill.degrado@ucsf.edu -> Bill Degrado
Hidden: ID 225 (billfuller@san.rr.com)
Hidden: ID 226 (bimitchell@comcast.net)
Hidden: ID 227 (binujacob@chosun.kr)
Hidden: ID 228 (biochkim@hanmail.net)
Hidden: ID 229 (biomed_wang@yahoo.com)
Hidden: ID 230 (bioreddy.srinu89@gmail.com)
Extracted: bioss.usa@gmail.com -> Bioss Usa
Extracted: bipinsingh.bioinfo@gmail.com -> Bipinsingh Bioinfo
Extracted: bisht.gopal@gmail.com -> Bisht Gopal
Hidden: ID 235 (biswadeepseth@gmail.com)
Extracted: biswajit.dna@gmail.com -> Biswajit Dna
Hidden: ID 237 (biswas.anamika93@gmail.com)
Hidden: ID 238 (biy@novonordisk.com)
Hidden: ID 240 (bjurban@uw.edu)
Hidden: ID 241 (bkatz1@uci.edu)
Hidden: ID 242 (blchandra5@gmail.com)
Hidden: ID 243 (blechova@uochb.cas.cz)
Hidden: ID 244 (blp@mit.edu)
Hidden: ID 245 (bmandal@iitg.ernet.in)
Hidden: ID 246 (bob@hancocklab.com)
Hidden: ID 247 (bong.6@osu.edu)
Extracted: bourgault.steve@uqam.ca -> Bourgault Steve
Hidden: ID 250 (boyk@bms.com)
Hidden: ID 251 (bp675@nyu.edu)
Extracted: brad.garcia@nimbletherapeutics.com -> Brad Garcia
Extracted: brian.gregg@bachem.com -> Brian Gregg
Extracted: brian.wagner@biotage.com -> Brian Wagner
Hidden: ID 256 (brown_robert_andrew@lilly.com)
Hidden: ID 257 (brunsk@southwestern.edu)
Hidden: ID 258 (bruotolo@umich.edu)
Hidden: ID 260 (bryantbumkim@outlook.com)
Hidden: ID 261 (bsheaves@wayne.edu)
Hidden: ID 262 (bsmctf@mail.umkc.edu)
Hidden: ID 263 (bunjing1@hotmail.com)
Hidden: ID 264 (burkete@mail.nih.gov)
Hidden: ID 265 (buyanova.1@osu.edu)
Hidden: ID 266 (buyanpan@sas.upenn.edu)
Hidden: ID 267 (bvv@iastate.edu)
Extracted: byoungjoon.min@polypeptide.com -> Byoungjoon Min
Hidden: ID 270 (c.brouwer@cbmrscientific.com)
Hidden: ID 271 (c.muralidharan@usv.in)
Hidden: ID 272 (c.wang@imb.uq.edu.au)
Hidden: ID 273 (caa238@cornell.edu)
Hidden: ID 274 (cai180@purdue.edu)
Extracted: caitlin.deane@us.nature.com -> Caitlin Deane
Hidden: ID 276 (caitlin.duffy488@gmail.com)
Extracted: caleb.anderson@nih.gov -> Caleb Anderson
Extracted: cameron.pye@unnaturalproducts.com -> Cameron Pye
Extracted: camilla.eriksson@fkog.uu.se -> Camilla Eriksson
Hidden: ID 280 (cao@sund.ku.dk)
Hidden: ID 281 (caporaleandrea74@gmail.com)
Extracted: carmen.lammi@unimi.it -> Carmen Lammi
Extracted: carmine.cerrato@utoronto.ca -> Carmine Cerrato
Extracted: catalina.arriagada@gyrosproteintech.com -> Catalina Arriagada
Extracted: catherine.detollenaere@polypeptide.com -> Catherine Detollenaere
Extracted: catherine.hurd@crick.ac.uk -> Catherine Hurd
Hidden: ID 289 (cbikash@nevada.unr.edu)
Hidden: ID 290 (cboville@aralezbio.com)
Hidden: ID 291 (ccc49@pitt.edu)
Hidden: ID 292 (cchahwan@synthexlabs.com)
Hidden: ID 293 (ccrhd02@gmail.com)
Hidden: ID 294 (cdavern@ncsu.edu)
Hidden: ID 295 (cdoupnik@health.usf.edu)
Extracted: cecil.howard@utexas.edu -> Cecil Howard
Hidden: ID 297 (cecily@sinopep.com)
Extracted: cedric.rentier@biotage.com -> Cedric Rentier
Hidden: ID 299 (ceissler@ucsd.edu)
Hidden: ID 300 (cejn@novonordisk.com)
Extracted: celine.douat@cup.lmu.de -> Celine Douat
Hidden: ID 302 (cetownse@soe.ucsc.edu)
Hidden: ID 303 (cfdeng@sas.upenn.edu)
Hidden: ID 304 (cfliu@ntu.edu.sg)
Hidden: ID 305 (cfuente@upenn.edu)
Hidden: ID 306 (cgrimes@udel.edu)
Extracted: chaim.eidelman@novetide.co.il -> Chaim Eidelman
Hidden: ID 308 (chaitt@utar.edu.my)
Hidden: ID 310 (chamani@ku.edu)
Extracted: chanchal.kumar.malik@vanderbilt.edu -> Chanchal Kumar
Extracted: chandralal.hewage@ucd.ie -> Chandralal Hewage
Hidden: ID 313 (chang@csbio.com)
Extracted: changpo.chen@jefferson.edu -> Changpo Chen
Extracted: channa.basava@emdmillipore.com -> Channa Basava
Hidden: ID 316 (chao89827@163.com)
Extracted: charles.chen@kcl.ac.uk -> Charles Chen
Extracted: charles.robertson@utah.edu -> Charles Robertson
Hidden: ID 319 (charlotte3martin@gmail.com)
Hidden: ID 320 (chaskell@umn.edu)
Hidden: ID 321 (chatterjee@chem.washington.edu)
Hidden: ID 322 (checco@unl.edu)
Hidden: ID 323 (chemjwang@yahoo.com)
Hidden: ID 324 (chemweiming@gmail.com)
Hidden: ID 325 (chen_yizhao@hsa.gov.sg)
Hidden: ID 326 (chengkun@umkc.edu)
Hidden: ID 327 (chengwei_wu@merck.com)
Hidden: ID 328 (chengzao@gmail.com)
Hidden: ID 329 (chenjingsimm@gmail.com)
Hidden: ID 330 (chhime11@gmail.com)
Extracted: chi-wang.lin@bms.com -> Chiwang Lin
Extracted: chih.te.zee@chem.ucla.edu -> Chih Te
Extracted: chinsoon.phan@ees.hokudai.ac.jp -> Chinsoon Phan
Hidden: ID 336 (chinyereeb@pcom.edu)
Hidden: ID 337 (chiorean@ualberta.ca)
Extracted: chloe.mitchell@sickkids.ca -> Chloe Mitchell
Hidden: ID 340 (chlwu@xmu.edu.cn)
Hidden: ID 341 (chml@purdue.edu)
Extracted: choi.li@uq.net.au -> Choi Li
Extracted: chris.mcgee@bachem.com -> Chris Mcgee
Hidden: ID 344 (chris.rhodes45@gmail.com)
Hidden: ID 345 (chris@cpcscientific.com)
Hidden: ID 346 (chrischang@berkeley.edu)
Extracted: christian.bartling@sund.ku.dk -> Christian Bartling
Extracted: christian.becker@univie.ac.at -> Christian Becker
Extracted: christian.comeau@usherbrooke.ca -> Christian Comeau
Extracted: christian.haase@3b-pharma.com -> Christian Haase
Extracted: christian.heinis@epfl.ch -> Christian Heinis
Hidden: ID 352 (christian.w.gruber@meduniwien.ac.at)
Extracted: christina.lamers@unibas.ch -> Christina Lamers
Extracted: christine.mona@usherbrooke.ca -> Christine Mona
Hidden: ID 356 (christine199176@gmail.com)
Extracted: christof.senn@cslabs.ch -> Christof Senn
Hidden: ID 358 (christopher.m.clements@cuanschutz.edu)
Hidden: ID 359 (cht2018@med.cornell.edu)
Hidden: ID 360 (chughshi@msu.edu)
Hidden: ID 361 (chulwonlee@gmail.com)
Extracted: chunhui.huang@merck.com -> Chunhui Huang
Hidden: ID 363 (chutton@unimelb.edu.au)
Hidden: ID 364 (cilli@iq.unesp.br)
Hidden: ID 365 (cipres@trilliummed.com)
Hidden: ID 366 (cistrone@scripps.edu)
Hidden: ID 367 (cjbrown@p53lab.a-star.edu.sg)
Hidden: ID 368 (cjoseph6@jhmi.edu)
Hidden: ID 369 (ckarver@depaul.edu)
Hidden: ID 370 (ckokotos@chem.uoa.gr)
Hidden: ID 371 (ckrusema@purdue.edu)
Extracted: claudia.bello@univie.ac.at -> Claudia Bello
Extracted: claudio.mapelli@merck.com -> Claudio Mapelli
Extracted: claudio.toniolo@unipd.it -> Claudio Toniolo
Hidden: ID 375 (claytyd@gmail.com)
Hidden: ID 376 (cleitheiser@ironwoodpharma.com)
Hidden: ID 377 (clement.cristina624@gmail.com)
Extracted: clifton.hackbarth@ucdenver.edu -> Clifton Hackbarth
Hidden: ID 379 (clined99@hotmail.com)
Hidden: ID 380 (clohani@sussex-research.com)
Hidden: ID 381 (cmahapatra97@gmail.com)
Hidden: ID 382 (cmbaehr@ucdavis.edu)
Hidden: ID 383 (cnakaie@unifesp.br)
Hidden: ID 384 (computationalvarun@gmail.com)
Hidden: ID 385 (conkelly@ucsc.edu)
Extracted: conrad.fischer@ualberta.ca -> Conrad Fischer
Extracted: constanza.cardenas@pucv.cl -> Constanza Cardenas
Hidden: ID 388 (contact@genepep.com)
Hidden: ID 389 (contactus@alanscientific.com)
Extracted: cornelia.rosu@mse.gatech.edu -> Cornelia Rosu
Hidden: ID 391 (cortezgs@lilly.com)
Hidden: ID 392 (cproulx@ncsu.edu)
Hidden: ID 393 (craigpharmasolns@hotmail.com)
Hidden: ID 395 (crtravis@live.unc.edu)
Hidden: ID 396 (crubertp@depaul.edu)
Hidden: ID 397 (cschteingart@san.rr.com)
Hidden: ID 398 (cseifert@gappeptides.com)
Hidden: ID 399 (csm@gubra.dk)
Hidden: ID 400 (csugai@hawaii.edu)
Hidden: ID 401 (csykang@uw.edu)
Hidden: ID 402 (cuihonggang@gmail.com)
Hidden: ID 403 (cummins_robert@lilly.com)
Extracted: cunningham.christian@gene.com -> Cunningham Christian
Hidden: ID 405 (cuzoaru2@yahoo.com)
Hidden: ID 406 (cwet@novonordisk.com)
Extracted: cyf.ramos@gyrosproteintech.com -> Cyf Ramos
Extracted: cyrus.arman@nimbletherapeutics.com -> Cyrus Arman
Hidden: ID 409 (d.branca@irbm.com)
Hidden: ID 410 (d.craik@imb.uq.edu.au)
Hidden: ID 411 (d.desimone@irbm.com)
Hidden: ID 412 (d.lowik@science.ru.nl)
Hidden: ID 413 (d.n.woolfson@bristol.ac.uk)
Hidden: ID 414 (d.ricklin@unibas.ch)
Hidden: ID 415 (d.t.s.rijkers@uu.nl)
Hidden: ID 416 (d01223212@gate.sinica.edu.tw)
Hidden: ID 417 (d1861001@s.konan-u.ac.jp)
Hidden: ID 418 (dabaker@uw.edu)
Hidden: ID 420 (daisuke_takahashi@ajinomoto.com)
Extracted: daisuke.nakamura@ncx.nagase.co.jp -> Daisuke Nakamura
Extracted: damien.thevenin@lehigh.edu -> Damien Thevenin
Extracted: danah.shaer@gmail.com -> Danah Shaer
Hidden: ID 426 (dangbobo@westlake.edu.cn)
Extracted: danica.fujimori@ucsf.edu -> Danica Fujimori
Extracted: daniel.deoliveira@yahoo.com -> Daniel Deoliveira
Extracted: daniel.samson@bachem.com -> Daniel Samson
Extracted: daniel.studelska@mallinckrodt.com -> Daniel Studelska
Extracted: daniela.kalafatovic@asrc.cuny.edu -> Daniela Kalafatovic
Hidden: ID 432 (danielifreitas@yahoo.com.br)
Hidden: ID 433 (dannychou@stanford.edu)
Hidden: ID 434 (daphneme04@gmail.com)
Hidden: ID 435 (dathompson@uidaho.edu)
Extracted: david.aitken@u-psud.fr -> David Aitken
Extracted: david.chatenet@iaf.inrs.ca -> David Chatenet
Extracted: david.sabatino@shu.edu -> David Sabatino
Extracted: david.sykora@vscht.cz -> David Sykora
Extracted: david.tumelty@bachem.com -> David Tumelty
Hidden: ID 442 (david.wilson4@jcu.edu.au)
Hidden: ID 443 (davidrliu@me.com)
Hidden: ID 444 (dawson@scripps.edu)
Hidden: ID 445 (dcheno@sas.upenn.edu)
Hidden: ID 446 (dcreis@ciencias.ulisboa.pt)
Hidden: ID 447 (ddas@iitg.ernet.in)
Hidden: ID 448 (ddebika123@gmail.com)
Hidden: ID 449 (ddu@fau.edu)
Extracted: dean.cenr@srmuniv.ac.in -> Dean Cenr
Extracted: deanna.long@bachem.com -> Deanna Long
Hidden: ID 452 (debashreeiicb@yahoo.co.in)
Hidden: ID 454 (deber@sickkids.ca)
Hidden: ID 455 (debmalya.bhunia3@gmail.com)
Hidden: ID 456 (defelippis_michael_r@lilly.com)
Extracted: delphine.chan-seng@ics-cnrs.unistra.fr -> Delphine Chanseng
Hidden: ID 459 (demingt@seas.ucla.edu)
Hidden: ID 460 (demizu@nihs.go.jp)
Hidden: ID 461 (deningt@gene.com)
Hidden: ID 463 (dev9solanki@gmail.com)
Extracted: dewey.mccafferty@duke.edu -> Dewey Mccafferty
Hidden: ID 465 (dewitt@biddlesawyer.com)
Hidden: ID 466 (dflood@scripps.edu)
Hidden: ID 467 (dgr@fq.uh.cu)
Hidden: ID 468 (dhalpradeep@yahoo.com)
Extracted: dhanas.muthu@gmail.com -> Dhanas Muthu
Hidden: ID 470 (dheylcle@emich.edu)
Extracted: diao.chen@biochem.utah.edu -> Diao Chen
Extracted: diego.diaz@mail.utoronto.ca -> Diego Diaz
Extracted: dietmar.leipert@bachem.com -> Dietmar Leipert
Hidden: ID 474 (dinhtn2@illinois.edu)
Extracted: dirksen.anouk@gmail.com -> Dirksen Anouk
Hidden: ID 476 (diste001@umn.edu)
Extracted: divakar.yg@gmail.com -> Divakar Yg
Hidden: ID 478 (divyalsaksena@gmail.com)
Hidden: ID 479 (dkarounos@pepnet.com)
Hidden: ID 480 (dlimnios@chem.uoa.gr)
Hidden: ID 481 (dlrkdwn2tlfd@postech.ac.kr)
Hidden: ID 483 (dm4304@nyu.edu)
Hidden: ID 484 (dmcbrayer@unr.edu)
Extracted: dmytro.honcharenko@ki.se -> Dmytro Honcharenko
Hidden: ID 486 (dnik268@gmail.com)
Hidden: ID 487 (dobrucki@illinois.edu)
Hidden: ID 488 (doctorrco@att.net)
Hidden: ID 489 (docwerber@gmail.com)
Extracted: dominik.ausbacher@uit.no -> Dominik Ausbacher
Hidden: ID 491 (donald.bierer1@bayer.com)
Hidden: ID 492 (doran@umn.edu)
Extracted: dorien.aerssens@ugent.be -> Dorien Aerssens
Extracted: doris.zane@intarcia.com -> Doris Zane
Extracted: douchez.antoine@gmail.com -> Douchez Antoine
Extracted: douglas.masterson@usm.edu -> Douglas Masterson
Hidden: ID 497 (douglasm@illinois.edu)
Hidden: ID 498 (dov2@cdc.gov)
Hidden: ID 499 (dperrin@chem.ubc.ca)
Hidden: ID 500 (dplane@p53lab.a-star.edu.sg)
Hidden: ID 501 (dpwls1207@naver.com)
Hidden: ID 502 (dr_ksn@natcopharma.co.in)
Hidden: ID 503 (dr.d.winkler@web.de)
Extracted: dr.jayaramln@gmail.com -> Dr Jayaramln
Extracted: dramitr.sahu@gmail.com -> Dramitr Sahu
Hidden: ID 507 (drknox@properbalancehealthcare.com)
Hidden: ID 508 (drnorival@yahoo.com)
Hidden: ID 509 (droz@centrum.cz)
Hidden: ID 510 (drpanickerpvarunavet@gmail.com)
Hidden: ID 511 (drsudhanand@gmail.com)
Hidden: ID 513 (drsureshk85@gmail.com)
Hidden: ID 515 (dschumacher@fmp-berlin.de)
Hidden: ID 516 (dshorty@ucdavis.edu)
Hidden: ID 517 (dsmith@creighton.edu)
Hidden: ID 518 (dsps@novonordisk.com)
Hidden: ID 519 (dtfagan@hotmail.com)
Hidden: ID 520 (dth130030@utdallas.edu)
Hidden: ID 521 (dtrader@purdue.edu)
Extracted: duprez.wilko@gmail.com -> Duprez Wilko
Hidden: ID 523 (durbaroy@hyderabad.bits-pilani.ac.in)
Hidden: ID 524 (dyakovlev@cop.ufl.edu)
Hidden: ID 525 (dylynch@tcd.ie)
Hidden: ID 526 (dyson@scripps.edu)
Extracted: dziuleta.cepeniene@ucdenver.edu -> Dziuleta Cepeniene
Hidden: ID 528 (e_naydenova@abv.bg)
Hidden: ID 529 (e.bianchi@irbm.com)
Hidden: ID 530 (e.nizi@irbm.com)
Hidden: ID 531 (e.racine@nosopharm.com)
Hidden: ID 532 (eac@usp.org)
Hidden: ID 533 (ebesserer@mednet.ucla.edu)
Extracted: ed.nice@monash.edu -> Ed Nice
Extracted: edgar.agustin@bachem.com -> Edgar Agustin
Extracted: eem.eid@qu.edu.sa -> Eem Eid
Hidden: ID 538 (egyhader93@gmail.com)
Hidden: ID 539 (eidenl@mail.nih.gov)
Hidden: ID 540 (ejc+ps@ualberta.ca)
Hidden: ID 541 (ejpetersson@sas.upenn.edu)
Hidden: ID 542 (ekanayak@ualberta.ca)
Extracted: ekaterini.servi@unil.ch -> Ekaterini Servi
Hidden: ID 544 (ekennedy@uga.edu)
Extracted: elena.quigley.chem@gmail.com -> Elena Quigley
Hidden: ID 547 (elis@koliberbio.com)
Extracted: elizabeth.denton@biotage.com -> Elizabeth Denton
Hidden: ID 549 (elizabeth.schramm2@gmail.com)
Extracted: elizabeth.skellam@unt.edu -> Elizabeth Skellam
Hidden: ID 552 (elwilli5@ncsu.edu)
Hidden: ID 553 (elysetwilliams@gmail.com)
Extracted: elza.lopes@bachem.com -> Elza Lopes
Hidden: ID 555 (elzmorin@outlook.fr)
Hidden: ID 556 (emaggio@aegisthera.com)
Extracted: emanuel.escher@usherbrooke.ca -> Emanuel Escher
Hidden: ID 558 (emartin@utmck.edu)
Extracted: emilia.oueis@ku.ac.ae -> Emilia Oueis
Extracted: emiliana.de.santis@npl.co.uk -> Emiliana De
Extracted: eric.biron@pha.ulaval.ca -> Eric Biron
Hidden: ID 564 (erichi@nus.edu.sg)
Extracted: erickson.paragas@email.wsu.edu -> Erickson Paragas
Hidden: ID 566 (erics063@umn.edu)
Hidden: ID 567 (ericyang@sunresin.com)
Extracted: erik.jacobsson@fkog.uu.se -> Erik Jacobsson
Extracted: erik.rikkerink@plantandfood.co.nz -> Erik Rikkerink
Hidden: ID 570 (erika.olson5@gmail.com)
Extracted: erin.swiger@intarcia.com -> Erin Swiger
Extracted: ernest.nnanabu@polypeptide.com -> Ernest Nnanabu
Hidden: ID 573 (estebanlorenzon@hotmail.com)
Hidden: ID 574 (estemari@uvm.edu)
Hidden: ID 575 (etejedamontes83@gmail.com)
Hidden: ID 576 (evahiew@ntu.edu.sg)
Extracted: ewa.rudzinska@pwr.edu.pl -> Ewa Rudzinska
Hidden: ID 578 (ews1@utah.edu)
Hidden: ID 579 (eynonjr@gmail.com)
Hidden: ID 580 (f.nadalbufi@qut.edu.au)
Hidden: ID 581 (f.novelli@irbm.com)
Hidden: ID 582 (f.pavone@irbm.com)
Hidden: ID 583 (f.tucci@irbm.com)
Extracted: fabrizio.zanta@gmail.com -> Fabrizio Zanta
Hidden: ID 585 (faluzma@hotmail.com)
Hidden: ID 586 (falx@novonordisk.com)
Hidden: ID 587 (fanglang128@gmail.com)
Hidden: ID 588 (fannyguz@gmail.com)
Hidden: ID 589 (faynagm@sci.hokudai.ac.jp)
Extracted: fazren.azmi@uqconnect.edu.au -> Fazren Azmi
Hidden: ID 591 (fiedler@fmp-berlin.de)
Hidden: ID 592 (fieldsg@fau.edu)
Hidden: ID 593 (finnya@clarkson.edu)
Extracted: fintan.kelleher@ittdublin.ie -> Fintan Kelleher
Hidden: ID 595 (firelexuz@gmail.com)
Hidden: ID 596 (flemi356@umn.edu)
Hidden: ID 597 (florencembrunel@gmail.com)
Extracted: fq.li@cornerstonesci.com -> Fq Li
Extracted: francesco.merlino@unina.it -> Francesco Merlino
Extracted: francois.bedard.7@ulaval.ca -> Francois Bedard
Extracted: frank.dettner@bachem.com -> Frank Dettner
Extracted: frank.osterkamp@3b-pharma.com -> Frank Osterkamp
Hidden: ID 603 (frank.w.kotch@pfizer.com)
Extracted: fred.naider@csi.cuny.edu -> Fred Naider
Hidden: ID 605 (fshabanpoor82@gmail.com)
Hidden: ID 606 (fujii@b.s.osakafu-u.ac.jp)
Hidden: ID 607 (fullmetal@peptron.co.kr)
Extracted: furukawa.akihiro.zy@daiichisankyo.co.jp -> Furukawa Akihiro
Hidden: ID 609 (futaki@scl.kyoto-u.ac.jp)
Hidden: ID 610 (fweijie2003@hotmail.com)
Hidden: ID 611 (fyanchik@ur.rochester.edu)
Hidden: ID 612 (g.cavallo@irbm.com)
Hidden: ID 613 (g.guichard@iecb.u-bordeaux.fr)
Hidden: ID 614 (g.philippe@imb.uq.edu.au)
Hidden: ID 615 (g.saunders@warwick.ac.uk)
Extracted: gabrielle.thalhamer@cem.com -> Gabrielle Thalhamer
Hidden: ID 617 (gakoch@ucsc.edu)
Hidden: ID 618 (galipeled@gmail.com)
Hidden: ID 619 (gallazzif@missouri.edu)
Extracted: ganesh.jedhe@nyu.edu -> Ganesh Jedhe
Hidden: ID 623 (gangwarroop@gmail.com)
Hidden: ID 624 (garciadelatorreb@ukzn.ac.za)
Hidden: ID 625 (gariepy@sri.utoronto.ca)
Hidden: ID 626 (garland@biochem.wustl.edu)
Extracted: gary.skinner@ttp.com -> Gary Skinner
Hidden: ID 628 (gary.w.erickson@gmail.com)
Hidden: ID 629 (gaurav.pandey789@gmail.com)
Hidden: ID 630 (gauravcd34@gmail.com)
Hidden: ID 631 (gautamda@gmail.com)
Hidden: ID 632 (gavenonj@dickinson.edu)
Extracted: gayathri.rchandran@gmail.com -> Gayathri Rchandran
Hidden: ID 634 (gcb302@nyu.edu)
Hidden: ID 635 (gcjiang@yahoo.com)
Extracted: geiser.andrea@lilly.com -> Geiser Andrea
Hidden: ID 637 (gellman@chem.wisc.edu)
Extracted: geneva.fl@gmail.com -> Geneva Fl
Extracted: george.burslem@pennmedicine.upenn.edu -> George Burslem
Hidden: ID 640 (georgemogambi@yahoo.com)
Extracted: georgina.girt@rfi.ac.uk -> Georgina Girt
Extracted: gerardo.byk@biu.ac.il -> Gerardo Byk
Hidden: ID 643 (gerardoacosta@ub.edu)
Extracted: gevorg.grigoryan@dartmouth.edu -> Gevorg Grigoryan
Hidden: ID 645 (gghirlanda@asu.edu)
Hidden: ID 646 (ghayashi@bioorg.rcast.u-tokyo.ac.jp)
Hidden: ID 647 (ghopping@fredhutch.org)
Hidden: ID 648 (ghorvat@chem.pmf.hr)
Hidden: ID 649 (gierasch@biochem.umass.edu)
Hidden: ID 650 (gijoge@hotmail.com)
Hidden: ID 651 (gilfridkin@gmail.com)
Hidden: ID 652 (gilles.h.goetz@pfizer.com)
Extracted: giovanni.signore@iit.it -> Giovanni Signore
Hidden: ID 654 (giribaldijb@nih.gov)
Hidden: ID 655 (girnyse@umich.edu)
Hidden: ID 656 (giulianomw@cofc.edu)
Hidden: ID 657 (gjp081188@gmail.com)
Hidden: ID 658 (gkaur@tamu.edu)
Hidden: ID 659 (gkokotos@chem.uoa.gr)
Hidden: ID 661 (glenncrostonphd@gmail.com)
Hidden: ID 662 (gm9453@wayne.edu)
Hidden: ID 663 (gmustafa_uaf@yahoo.com)
Hidden: ID 664 (go.1583@hotmail.com)
Hidden: ID 665 (goel.rahul07@gmail.com)
Hidden: ID 666 (gongcj606@sina.com)
Extracted: grant.boldt@csbio.com -> Grant Boldt
Hidden: ID 671 (graspdestiny@hotmail.com)
Extracted: greg.france@chromatorex.com -> Greg France
Extracted: greg.leblanc@cem.com -> Greg Leblanc
Hidden: ID 675 (gregory.adams2@merck.com)
Extracted: gregory.wiedman@shu.edu -> Gregory Wiedman
Hidden: ID 677 (grimmhaley@gmail.com)
Hidden: ID 679 (gssaleem@suprasciences.com)
Hidden: ID 680 (guarracd@tcnj.edu)
Extracted: guenther.loidl@bachem.com -> Guenther Loidl
Hidden: ID 682 (gulyas@salk.edu)
Hidden: ID 683 (guoxiahan@yahoo.com)
Hidden: ID 684 (h_zahraee@yahoo.com)
Hidden: ID 685 (h.k.ganguly@gmail.com)
Hidden: ID 686 (h.parekh@uq.edu.au)
Hidden: ID 688 (hacar@ou.edu)
Hidden: ID 690 (hale@udel.edu)
Hidden: ID 691 (hall222@mail.chapman.edu)
Hidden: ID 692 (hamidip@yahoo.co.uk)
Hidden: ID 693 (hamiltpl@gmail.com)
Extracted: han.lim@kennedy.ox.ac.uk -> Han Lim
Hidden: ID 695 (handoko@nyu.edu)
Extracted: hannoush.rami@gene.com -> Hannoush Rami
Hidden: ID 697 (hanoldl@ufl.edu)
Extracted: hanson.chang@csbio.com -> Hanson Chang
Hidden: ID 699 (haosun@njau.edu.cn)
Hidden: ID 700 (haquockhanhpz@gmail.com)
Hidden: ID 701 (has5@cornell.edu)
Hidden: ID 703 (hatakenaka-toshiya@edu.life.kyutech.ac.jp)
Hidden: ID 704 (hawkla@gvsu.edu)
Extracted: haydn.ball@utsouthwestern.edu -> Haydn Ball
Hidden: ID 706 (hayoung3@ncsu.edu)
Hidden: ID 707 (hcrichton@wiley.com)
Hidden: ID 708 (hdmatel@gmail.com)
Extracted: hee-kyoung.lee@pharm.utah.edu -> Heekyoung Lee
Extracted: heike.gerhardt@cat-online.com -> Heike Gerhardt
Extracted: helene.adihou@gmail.com -> Helene Adihou
Hidden: ID 714 (hempfling.13@buckeyemail.osu.edu)
Hidden: ID 715 (hemuxinya@ntu.edu.sg)
Hidden: ID 716 (henl0037@umn.edu)
Hidden: ID 717 (hf5820@wayne.edu)
Hidden: ID 718 (hfei2008@sinano.ac.cn)
Hidden: ID 720 (hidenori-abe@hamari.co.jp)
Hidden: ID 721 (him@umich.edu)
Hidden: ID 722 (himanicsirihbt@gmail.com)
Extracted: hinyu.nedev@mail.mcgill.ca -> Hinyu Nedev
Hidden: ID 724 (hipolito@md.tsukuba.ac.jp)
Hidden: ID 725 (hirokane.rie00@chugai-pharm.co.jp)
Hidden: ID 726 (hiteshvrm32@gmail.com)
Hidden: ID 727 (hj6004@hanmail.net)
Hidden: ID 728 (hjcho0122@gmail.com)
Hidden: ID 729 (hmichiue@md.okayama-u.ac.jp)
Hidden: ID 730 (hmihara@bio.titech.ac.jp)
Hidden: ID 731 (hmpinedac@unal.edu.co)
Hidden: ID 732 (hmukai-endo@umin.ac.jp)
Hidden: ID 733 (hojo@protein.osaka-u.ac.jp)
Hidden: ID 734 (holub@ohio.edu)
Hidden: ID 736 (horne@pitt.edu)
Hidden: ID 737 (howard@cpcscientific.com)
Hidden: ID 738 (hphan@sas.upenn.edu)
Hidden: ID 739 (hpt@usp.org)
Hidden: ID 740 (hremmer@umich.edu)
Hidden: ID 741 (hrenata@scripps.edu)
Hidden: ID 742 (hrlee@korea.ac.kr)
Hidden: ID 743 (hruby@email.arizona.edu)
Hidden: ID 744 (hsaneii@aapptec.com)
Hidden: ID 746 (hslim@postech.ac.kr)
Hidden: ID 747 (hslov2aron@hanmail.net)
Hidden: ID 748 (hsuga@chem.s.u-tokyo.ac.jp)
Hidden: ID 749 (huan0273@e.ntu.edu.sg)
Hidden: ID 750 (hughesr16@ecu.edu)
Extracted: hui.wan@merck.com -> Hui Wan
Extracted: huihua.xing@unmc.edu -> Huihua Xing
Hidden: ID 754 (hungph@pcom.edu)
Hidden: ID 755 (hwang@ljpc.com)
Extracted: hymel.david@gmail.com -> Hymel David
Hidden: ID 758 (i-nakase@21c.osakafu-u.ac.jp)
Hidden: ID 759 (i.dijkgraaf@maastrichtuniversity.nl)
Hidden: ID 760 (i.huc@iecb.u-bordeaux.fr)
Hidden: ID 761 (i.kavianinia@auckland.ac.nz)
Hidden: ID 763 (iantwi@ualberta.ca)
Extracted: igor.orlovsky@belozersky.msu.ru -> Igor Orlovsky
Hidden: ID 766 (iidatko@chugai-pharm.co.jp)
Extracted: ikeda.masato.n3@f.gifu-u.ac.jp -> Ikeda Masato
Hidden: ID 768 (ikorendo@syr.edu)
Hidden: ID 769 (imanaka@okayama-u.ac.jp)
Hidden: ID 770 (imazunin@kantiana.ru)
Hidden: ID 772 (inoue@mol.f.u-tokyo.ac.jp)
Extracted: iraj.behroz@tu-berlin.de -> Iraj Behroz
Extracted: irwin.chaiken@drexelmed.edu -> Irwin Chaiken
Extracted: ismael.zamora@leadmolecular.com -> Ismael Zamora
Hidden: ID 776 (issacharde@pcom.edu)
Extracted: iwane.yb@om.asahi-kasei.co.jp -> Iwane Yb
Hidden: ID 778 (j.du@imb.uq.edu.au)
Hidden: ID 779 (j.howl@wlv.ac.uk)
Hidden: ID 780 (j.kirwan@ucdenver.edu)
Hidden: ID 781 (j.lim@imb.uq.edu.au)
Hidden: ID 782 (j.malkinson@ucl.ac.uk)
Hidden: ID 783 (j.mason@bath.ac.uk)
Hidden: ID 784 (j.rosengren@uq.edu.au)
Hidden: ID 785 (j.zhang@ptgx-inc.com)
Extracted: jacek.stalewski@ferring.com -> Jacek Stalewski
Extracted: jack.hawiger@vanderbilt.edu -> Jack Hawiger
Extracted: jack.silver@teledyne.com -> Jack Silver
Extracted: jackie.wilce@monash.edu -> Jackie Wilce
Hidden: ID 790 (jacob.j.oconnor@gmail.com)
Hidden: ID 791 (jainpriyesh01@gmail.com)
Hidden: ID 792 (jalan_ankur@lilly.com)
Hidden: ID 793 (jalbin@partners.org)
Hidden: ID 794 (jalc6310@gmail.com)
Hidden: ID 795 (janealdrich@ufl.edu)
Hidden: ID 796 (jalfaro-lopez@fogpharma.com)
Extracted: james.cain@ptipep.com -> James Cain
Extracted: james.mcallister@gyrosproteintech.com -> James Mcallister
Extracted: jane.chang@fda.hhs.gov -> Jane Chang
Hidden: ID 800 (jap@polypeptide.com)
Hidden: ID 801 (jaral@amgen.com)
Hidden: ID 802 (jas@uab.edu)
Extracted: jasmine.gruia-gray@gyrosproteintech.com -> Jasmine Gruiagray
Extracted: jay.yourist@nuovobiologics.com -> Jay Yourist
Hidden: ID 806 (jayanta@iisc.ac.in)
Hidden: ID 807 (jbara.m90@gmail.com)
Hidden: ID 808 (jbchiongson@usa.edu.ph)
Hidden: ID 809 (jbecker@utk.edu)
Hidden: ID 810 (jbingham@hawaii.edu)
Hidden: ID 812 (jchorng@mx.nthu.edu.tw)
Hidden: ID 813 (jcnd@novonordisk.com)
Hidden: ID 814 (jdattilo@p3bio.com)
Hidden: ID 815 (jddixon@rocketmail.com)
Hidden: ID 816 (jdelvalle@nd.edu)
Hidden: ID 817 (jdn@temple.edu)
Hidden: ID 818 (jdong@neontherapeutics.com)
Extracted: jean-marie.swiecicki@ens.fr -> Jeanmarie Swiecicki
Hidden: ID 821 (jecrula86@gmail.com)
Hidden: ID 822 (jeffreybode@mac.com)
Hidden: ID 823 (jej@zp.dk)
Hidden: ID 824 (jela@novonordisk.com)
Extracted: jenna.mowat.2013@uni.strath.ac.uk -> Jenna Mowat
Extracted: jennifer.cochran@stanford.edu -> Jennifer Cochran
Extracted: jennifer.hanisak@merck.com -> Jennifer Hanisak
Extracted: jennifer.hickey@merck.com -> Jennifer Hickey
Hidden: ID 829 (jennifercmortensen@gmail.com)
Hidden: ID 830 (jenssen@ruc.dk)
Hidden: ID 831 (jerchegyi@salk.edu)
Hidden: ID 832 (jesuaraj@gmail.com)
Hidden: ID 833 (jfaris@ucsc.edu)
Hidden: ID 834 (jgajewiak@gmail.com)
Hidden: ID 835 (jgalamba@itn.pt)
Hidden: ID 836 (jgerhardt@cat-online.com)
Hidden: ID 837 (jgk298@nyu.edu)
Hidden: ID 838 (jgomar@rd.loreal.com)
Hidden: ID 840 (jhj831004@hanmail.net)
Hidden: ID 841 (jhlee229@email.unc.edu)
Hidden: ID 842 (jholder@amgen.com)
Extracted: jiachen.feng@unmc.edu -> Jiachen Feng
Hidden: ID 844 (jianfengcai@usf.edu)
Hidden: ID 845 (jiang_luyong@wuxiapptec.com)
Extracted: jianheng.zhang@bachem.com -> Jianheng Zhang
Extracted: jianmin.gao@bc.edu -> Jianmin Gao
Hidden: ID 848 (jianzhu1012@gmail.com)
Hidden: ID 850 (jimmynkaiwuatei@gmail.com)
Hidden: ID 851 (jing.wang609875@tufts.edu)
Hidden: ID 852 (jingtao_zhang@merck.com)
Hidden: ID 853 (jishunaskar@gmail.com)
Hidden: ID 854 (jjbhatt@hotmail.com)
Hidden: ID 855 (jjk3uc@virginia.edu)
Hidden: ID 856 (jjtalley@euclises.com)
Hidden: ID 857 (jk_ghosh@cdri.res.in)
Hidden: ID 858 (jkm@sund.ku.dk)
Hidden: ID 859 (jkmurray@amgen.com)
Hidden: ID 860 (jlabelle@peds.bsd.uchicago.edu)
Hidden: ID 861 (jlee@sungshin.ac.kr)
Hidden: ID 862 (jlone@occamdesign.com)
Hidden: ID 863 (jlprice@chem.byu.edu)
Hidden: ID 864 (jlukszo@nih.gov)
Hidden: ID 865 (jlvy@novonordisk.com)
Hidden: ID 866 (jmander8@uw.edu)
Hidden: ID 867 (jmas@ifc.unam.mx)
Hidden: ID 868 (jmeisel@gwu.edu)
Hidden: ID 869 (jmt555@nyu.edu)
Hidden: ID 870 (jnestor@eumederis.com)
Hidden: ID 871 (jniu@sarepta.com)
Hidden: ID 872 (jnyberg@email.arizona.edu)
Hidden: ID 873 (joachimweidmann@gmx.de)
Extracted: joel.karwatsky@ic.gc.ca -> Joel Karwatsky
Extracted: johan.hurtig@gyrosproteintech.com -> Johan Hurtig
Extracted: john.fetter@sial.com -> John Fetter
Extracted: john.mayer@colorado.edu -> John Mayer
Extracted: john.tan@nimbletherapeutics.com -> John Tan
Extracted: john.urh@biotage.com -> John Urh
Extracted: john.vederas@ualberta.ca -> John Vederas
Extracted: john.wade@florey.edu.au -> John Wade
Hidden: ID 882 (john2157@purdue.edu)
Hidden: ID 883 (johnjgeorrge@gmail.com)
Hidden: ID 884 (johnzhang@biopeptek.com)
Extracted: jon.collins@cem.com -> Jon Collins
Extracted: jon.lai@einsteinmed.org -> Jon Lai
Hidden: ID 887 (jonabing@aol.com)
Extracted: jonel.saludes@wsu.edu -> Jonel Saludes
Hidden: ID 889 (jorarodriguezg@unal.edu.co)
Extracted: jordan.meier@nih.gov -> Jordan Meier
Extracted: jose.martins@ugent.be -> Jose Martins
Extracted: joseph.scott.harrison@gmail.com -> Joseph Scott
Hidden: ID 894 (josephibukun@yahoo.com)
Hidden: ID 895 (josephrogers1000@gmail.com)
Hidden: ID 896 (josephsbrown1@gmail.com)
Extracted: josh.jesin@mail.utoronto.ca -> Josh Jesin
Hidden: ID 898 (joshi.seema25@gmail.com)
Extracted: joshua.kritzer@tufts.edu -> Joshua Kritzer
Extracted: joshua.zhu@dordt.edu -> Joshua Zhu
Extracted: joy.concepcion@qps.com -> Joy Concepcion
Hidden: ID 902 (jpark@oragenics.com)
Hidden: ID 904 (jptam@ntu.edu.sg)
Hidden: ID 905 (jptaulane@ucsd.edu)
Hidden: ID 906 (jraskato@ucsc.edu)
Hidden: ID 907 (jrfrost2@gmail.com)
Hidden: ID 908 (jrnvail@outlook.com)
Hidden: ID 909 (jschellinger@sandiego.edu)
Hidden: ID 910 (jseo@gist.ac.kr)
Hidden: ID 911 (jsh_nnd@yahoo.com)
Hidden: ID 912 (jsmith-carpenter@fairfield.edu)
Hidden: ID 913 (jsnowick@uci.edu)
Hidden: ID 914 (jtb@chem.ku.dk)
Hidden: ID 915 (judah@biochem.utah.edu)
Extracted: judit.tulla@ub.edu -> Judit Tulla
Extracted: juergen.machielse@zeochem.com -> Juergen Machielse
Hidden: ID 918 (jug1031@psu.edu)
Extracted: julia.frei@phd.einstein.yu.edu -> Julia Frei
Extracted: julia.kriegesmann@univie.ac.at -> Julia Kriegesmann
Extracted: julie.renner@case.edu -> Julie Renner
Extracted: julien.poupart.89@hotmail.com -> Julien Poupart
Hidden: ID 923 (julioccalvo@yahoo.com)
Extracted: jumi.shin@utoronto.ca -> Jumi Shin
Extracted: jungmo.ahn@utdallas.edu -> Jungmo Ahn
Hidden: ID 926 (jurban4@ur.rochester.edu)
Extracted: jutta.eichler@fau.de -> Jutta Eichler
Hidden: ID 928 (jwall@utmck.edu)
Hidden: ID 929 (jwang@westernu.edu)
Hidden: ID 930 (jwelch16@ur.rochester.edu)
Hidden: ID 931 (jyang@tjhecheng.com)
Extracted: jyothi.thundimadathil@bachem.com -> Jyothi Thundimadathil
Hidden: ID 933 (jzzc@novonordisk.com)
Hidden: ID 934 (k.hallenbeck@gmail.com)
Hidden: ID 935 (k.hansford@imb.uq.edu.au)
Hidden: ID 936 (k.kalpana@iitg.ac.in)
Hidden: ID 937 (k.tupally@uq.edu.au)
Hidden: ID 938 (k.wilson@wingate.edu)
Extracted: kade.roberts@monash.edu.au -> Kade Roberts
Hidden: ID 943 (kalmoush@yahoo.com)
Hidden: ID 944 (kamatchis@iasst.gov.in)
Hidden: ID 946 (kamranpb@gmail.com)
Hidden: ID 948 (kanwatebalaji@gmail.com)
Hidden: ID 949 (karim002@umn.edu)
Extracted: karin.rustler@iris-biotech.de -> Karin Rustler
Extracted: karlijn.hollanders@icloud.com -> Karlijn Hollanders
Hidden: ID 952 (karolina@pepticon.se)
Hidden: ID 953 (kasan@htzpeptide.com)
Hidden: ID 954 (katagiri@toyaku.ac.jp)
Extracted: katarzyna.slowinska@csulb.edu -> Katarzyna Slowinska
Hidden: ID 956 (katarzynab@hotmail.com)
Extracted: katelyn.smith@merck.com -> Katelyn Smith
Extracted: kathleen.miller@csbio.com -> Kathleen Miller
Extracted: kathlynn.brown@sri.com -> Kathlynn Brown
Hidden: ID 960 (kaumaya.1@osu.edu)
Extracted: kaustav.biswas@merck.com -> Kaustav Biswas
Hidden: ID 963 (kay@biochem.utah.edu)
Hidden: ID 964 (kazi@pitt.edu)
Extracted: kazimierz.wisniewski@ferring.com -> Kazimierz Wisniewski
Hidden: ID 966 (kazuya0852@gmail.com)
Hidden: ID 967 (kbajaj26@gmail.com)
Hidden: ID 968 (kbowen@tcd.ie)
Hidden: ID 969 (kcaroccia@gmail.com)
Hidden: ID 970 (kdarlak@aileronrx.com)
Hidden: ID 971 (keating@mit.edu)
Extracted: keith.porter@cem.com -> Keith Porter
Hidden: ID 974 (kekessii@gene.com)
Extracted: keller.barnhardt@cem.com -> Keller Barnhardt
Hidden: ID 976 (kellyr@rsc.org)
Extracted: ken.drew@flammagroup.com -> Ken Drew
Extracted: kenneth.finnson@gmail.com -> Kenneth Finnson
Hidden: ID 979 (kerryannepe@pcom.edu)
Hidden: ID 980 (kessler@ch.tum.de)
Extracted: kevin.henry@intarcia.com -> Kevin Henry
Extracted: kevin.schiefelbein@chem.uzh.ch -> Kevin Schiefelbein
Hidden: ID 983 (kevin@tianmapharma.com)
Extracted: kevon.stanford@nih.gov -> Kevon Stanford
Hidden: ID 985 (khan236@purdue.edu)
Hidden: ID 986 (khatria@helix.mgh.harvard.edu)
Hidden: ID 987 (khouston@live.unc.edu)
Extracted: kien.tran@usherbrooke.ca -> Kien Tran
Hidden: ID 989 (kiminhye06@naver.com)
Hidden: ID 990 (kinchiufong@hotmail.com)
Hidden: ID 991 (kitamatu@apch.kindai.ac.jp)
Hidden: ID 992 (kjcardenasm@unal.edu.co)
Hidden: ID 993 (kjk140030@utdallas.edu)
Hidden: ID 995 (kka@med.unc.edu)
Hidden: ID 996 (kkaur@chapman.edu)
Hidden: ID 997 (kkb27171@uga.edu)
Hidden: ID 998 (kkmook@ewha.ac.kr)
Hidden: ID 999 (klchan@ucsc.edu)
Hidden: ID 1000 (klein062@umn.edu)
Hidden: ID 1002 (kmandal@tifrh.res.in)
Hidden: ID 1004 (kmmakwana04@gmail.com)
Hidden: ID 1006 (kodadek@scripps.edu)
Hidden: ID 1007 (kohne2@students.rowan.edu)
Hidden: ID 1008 (komalkalani87@gmail.com)
Extracted: krishna.kumar@tufts.edu -> Krishna Kumar
Extracted: kristaps.jaudzems@osi.lv -> Kristaps Jaudzems
Extracted: kristina.najjar@merck.com -> Kristina Najjar
Extracted: krittika.ralhan@iitgn.ac.in -> Krittika Ralhan
Hidden: ID 1014 (kronemw@live.unc.edu)
Hidden: ID 1015 (ksaranraj7@gmail.com)
Hidden: ID 1016 (ksergej@seznam.cz)
Hidden: ID 1017 (kslam@ucdavis.edu)
Hidden: ID 1018 (ktdb@novonordisk.com)
Extracted: ktsuji.mr@tmd.ac.jp -> Ktsuji Mr
Extracted: kui.zeng@fda.hhs.gov -> Kui Zeng
Hidden: ID 1021 (kulashok_kar_biophy@yahoo.co.in)
Hidden: ID 1022 (kumar.arun205@gmail.com)
Hidden: ID 1023 (kunal_fb@hotmail.com)
Hidden: ID 1024 (kurten@biof.ufrj.br)
Hidden: ID 1025 (kusui@konan-u.ac.jp)
Hidden: ID 1026 (kweeks@ucdavis.edu)
Hidden: ID 1027 (kxc262@case.edu)
Hidden: ID 1028 (kyan1@ualberta.ca)
Extracted: kyle.corcoran@polypeptide.com -> Kyle Corcoran
Hidden: ID 1030 (kyoshimatsu@missouristate.edu)
Hidden: ID 1031 (l.chan3@uq.edu.au)
Hidden: ID 1032 (l.liu@ptgx-inc.com)
Hidden: ID 1033 (l.lombardi@imperial.ac.uk)
Hidden: ID 1034 (l.walport@imperial.ac.uk)
Hidden: ID 1035 (lacama@iastate.edu)
Extracted: lajos.gera@ucdenver.edu -> Lajos Gera
Hidden: ID 1039 (lars.baumann1@bayer.com)
Extracted: lauren.goodrich@nimbletherapeutics.com -> Lauren Goodrich
Extracted: laurent.caron@crbdiscovery.com -> Laurent Caron
Hidden: ID 1043 (lavallejos@ipn.mx)
Hidden: ID 1044 (lawrencd@email.unc.edu)
Hidden: ID 1045 (lbh@zp.dk)
Hidden: ID 1046 (lcharkou@haverford.edu)
Extracted: leah.cohen@csi.cuny.edu -> Leah Cohen
Extracted: leah.helton@uga.edu -> Leah Helton
Hidden: ID 1049 (leehm@chem.sinica.edu.tw)
Hidden: ID 1050 (lensi008@umn.edu)
Hidden: ID 1051 (lentilhaunesp@gmail.com)
Extracted: leonard.prins@unipd.it -> Leonard Prins
Extracted: leonardo.demaria@astrazeneca.com -> Leonardo Demaria
Hidden: ID 1054 (leonardobaldassarre@gmail.com)
Hidden: ID 1055 (lesm@amgen.com)
Hidden: ID 1056 (leung_donmienne@lilly.com)
Hidden: ID 1058 (lgkolik@mail.ru)
Hidden: ID 1059 (lgmendoza16@gmail.com)
Extracted: li.shunzi@yahoo.com -> Li Shunzi
Extracted: wenyi.li@latrobe.edu.au -> Wenyi Li
Hidden: ID 1062 (liam-palmer@northwestern.edu)
Extracted: liang.ma@sanofi.com -> Liang Ma
Hidden: ID 1064 (liangwang@tianmapharma.com)
Hidden: ID 1065 (liao_hui@wuxiapptec.com)
Extracted: lieselot.carrette@gmail.com -> Lieselot Carrette
Hidden: ID 1069 (lindonyo@pcom.edu)
Hidden: ID 1070 (lingli@tjhecheng.com)
Hidden: ID 1071 (lipton@purdue.edu)
Hidden: ID 1072 (liscano2@gmail.com)
Hidden: ID 1074 (litu@ntnu.edu.tw)
Hidden: ID 1075 (liu_wen@lilly.com)
Extracted: liuyin.zhang@pharm.utah.edu -> Liuyin Zhang
Hidden: ID 1077 (liuzekun@email.arizona.edu)
Hidden: ID 1078 (liyangme@cop.sc.edu)
Hidden: ID 1079 (liyongbmu@163.com)
Hidden: ID 1080 (lliu@creosalus.com)
Hidden: ID 1081 (lluyt@uwo.ca)
Hidden: ID 1082 (lmquaglio@unifesp.br)
Hidden: ID 1083 (ln_neupane@yahoo.com)
Hidden: ID 1084 (lohans@ualberta.ca)
Extracted: loic.quinton@ulg.ac.be -> Loic Quinton
Hidden: ID 1086 (loos0014@e.ntu.edu.sg)
Hidden: ID 1087 (lopezdeboerr@moravian.edu)
Hidden: ID 1088 (lopezdlcruz@gmail.com)
Hidden: ID 1089 (lotvos@comcast.net)
Extracted: loubna.kerkeb@bachem.com -> Loubna Kerkeb
Hidden: ID 1091 (louis.a.watanabe@watanabechem.co.jp)
Hidden: ID 1092 (lovekeshmehta65624@gmail.com)
Hidden: ID 1093 (ltsukida@gmail.com)
Hidden: ID 1094 (lualrodr@ucsc.edu)
Hidden: ID 1095 (lucia.ferrazzano4@unibo.it)
Extracted: lukasz.berlicki@pwr.edu.pl -> Lukasz Berlicki
Extracted: luke.dowman@icloud.com -> Luke Dowman
Hidden: ID 1098 (luongngu@buffalo.edu)
Hidden: ID 1099 (lwitus@macalester.edu)
Hidden: ID 1100 (lyelin87@gmail.com)
Hidden: ID 1101 (lym2007@mail.ustc.edu.cn)
Hidden: ID 1102 (lyonla7@gmail.com)
Hidden: ID 1103 (m.luche@irbm.com)
Hidden: ID 1105 (m.shipman@warwick.ac.uk)
Extracted: maciej.walczak@colorado.edu -> Maciej Walczak
Hidden: ID 1108 (maciej@chem.ku.dk)
Hidden: ID 1109 (madhureshsethi65@gmail.com)
Extracted: magdalena.wierzbicka@chem.uni.wroc.pl -> Magdalena Wierzbicka
Hidden: ID 1111 (maha@iiserb.ac.in)
Hidden: ID 1112 (mahirtz@gmail.com)
Hidden: ID 1113 (mahnaz_arjomand@wuxiapptec.com)
Extracted: mail.to.parthapratimdas@gmail.com -> Mail To
Extracted: maini.rumit@gmail.com -> Maini Rumit
Extracted: maj.krumberger@uci.edu -> Maj Krumberger
Hidden: ID 1117 (makinenir@aol.com)
Hidden: ID 1118 (maletin@uochb.cas.cz)
Extracted: malgorzata.wenska@ki.se -> Malgorzata Wenska
Hidden: ID 1120 (malhamadsheh@pacific.edu)
Hidden: ID 1121 (malibuoz@yahoo.com)
Hidden: ID 1122 (malins@scripps.edu)
Hidden: ID 1123 (mamcmech@ncsu.edu)
Hidden: ID 1124 (mamunoz1@gmail.com)
Extracted: manas.phy@gmail.com -> Manas Phy
Extracted: manfred.gerken@sanofi-aventis.com -> Manfred Gerken
Hidden: ID 1127 (manishbajaj48@gmail.com)
Hidden: ID 1129 (manojkumarmetta@gmail.com)
Hidden: ID 1130 (manuelvaldes@asymchem.com)
Extracted: marc-andre.bonin@usherbrooke.ca -> Marcandre Bonin
Hidden: ID 1132 (marcelotorossian@gmail.com)
Extracted: marci.copeland@intarcia.com -> Marci Copeland
Hidden: ID 1134 (marcj@phenomenex.com)
Hidden: ID 1135 (marcushatfield@creighton.edu)
Extracted: maria.disotuar@utah.edu -> Maria Disotuar
Extracted: maria.gallo@upf.edu -> Maria Gallo
Extracted: maria.kempe@med.lu.se -> Maria Kempe
Hidden: ID 1140 (marian_butu@yahoo.com)
Extracted: marie.perrin@cea.fr -> Marie Perrin
Hidden: ID 1142 (mariesh@sas.upenn.edu)
Extracted: marina.rubini@ucd.ie -> Marina Rubini
Hidden: ID 1144 (marina@luxembourg-bio.com)
Extracted: mark.karver@northwestern.edu -> Mark Karver
Hidden: ID 1146 (mark@altoris.com)
Extracted: markus.baumann@kj.uib.no -> Markus Baumann
Extracted: markus.boehringer@roche.com -> Markus Boehringer
Extracted: markus.loeweneck@sennchem.com -> Markus Loeweneck
Extracted: markus.muttenthaler@univie.ac.at -> Markus Muttenthaler
Extracted: markus.weishaupt@iris-biotech.de -> Markus Weishaupt
Extracted: marlies.hager@licor.com -> Marlies Hager
Hidden: ID 1153 (marqbiotech@gmail.com)
Extracted: marta.dezotti@unipd.it -> Marta Dezotti
Extracted: martin.condasheridan@unmc.edu -> Martin Condasheridan
Extracted: martin.schmeing@mcgill.ca -> Martin Schmeing
Hidden: ID 1157 (martin@uri.edu)
Extracted: maruf.pharma@gmail.com -> Maruf Pharma
Extracted: marvin.naing@uconn.edu -> Marvin Naing
Extracted: mary.gholampoor@gmail.com -> Mary Gholampoor
Hidden: ID 1161 (masaaki@nihs.go.jp)
Extracted: masano.sugiyama@bms.com -> Masano Sugiyama
Hidden: ID 1163 (masonscs@gmail.com)
Hidden: ID 1164 (matanaka@nagasaki-u.ac.jp)
Extracted: mati.fridkin@weizmann.ac.il -> Mati Fridkin
Hidden: ID 1166 (matinkho@chem.ubc.ca)
Hidden: ID 1167 (matsumoto@gonzaga.edu)
Extracted: matteo.villain@bachem.com -> Matteo Villain
Hidden: ID 1169 (mattgan81@gmail.com)
Hidden: ID 1170 (matthew.b.coppock.civ@mail.mil)
Extracted: matthew.chung@csbio.com -> Matthew Chung
Extracted: matthew.montgo@gmail.com -> Matthew Montgo
Extracted: matthew.pratt@usc.edu -> Matthew Pratt
Extracted: matthew.weinstock@utah.edu -> Matthew Weinstock
Hidden: ID 1175 (matthewber@pcom.edu)
Extracted: maurice.manning@utoledo.edu -> Maurice Manning
Extracted: maurizio.pellecchia@ucr.edu -> Maurizio Pellecchia
Extracted: max.cryle@monash.edu -> Max Cryle
Hidden: ID 1180 (mayyanga@tauex.tau.ac.il)
Hidden: ID 1181 (maziar@scripps.edu)
Hidden: ID 1183 (mbird@scripps.edu)
Hidden: ID 1184 (mbowles@ncsu.edu)
Hidden: ID 1185 (mc2camila@gmail.com)
Hidden: ID 1186 (mcai@email.arizona.edu)
Hidden: ID 1187 (mcarrasco@scu.edu)
Hidden: ID 1188 (mchoi@xerispharma.com)
Hidden: ID 1189 (mck@usp.org)
Extracted: mckinney.karlee@gmail.com -> Mckinney Karlee
Hidden: ID 1191 (mcortes@chem.ucsb.edu)
Hidden: ID 1192 (mcurrie@enversabio.com)
Hidden: ID 1193 (mdai2@mmm.com)
Hidden: ID 1194 (mdevocelle@rcsi.ie)
Hidden: ID 1195 (mdoligalski@mail.usf.edu)
Hidden: ID 1196 (mdtrombl@ncsu.edu)
Hidden: ID 1197 (meganchi@hawaii.edu)
Hidden: ID 1198 (meilidehema@126.com)
Hidden: ID 1199 (mejayach@syr.edu)
Extracted: melanie.blevins@ucdenver.edu -> Melanie Blevins
Hidden: ID 1203 (meldal@chem.ku.dk)
Hidden: ID 1204 (menon34@purdue.edu)
Extracted: meritxell.teixido@irbbarcelona.org -> Meritxell Teixido
Hidden: ID 1206 (mespiri2@hawaii.edu)
Hidden: ID 1207 (messina@chem.ucla.edu)
Hidden: ID 1208 (metanis@mail.huji.ac.il)
Hidden: ID 1209 (meyers_jonathan@columbusstate.edu)
Extracted: meysam.chorsi@uconn.edu -> Meysam Chorsi
Hidden: ID 1212 (mfujii@fuk.kindai.ac.jp)
Hidden: ID 1213 (mhalim1@kennesaw.edu)
Hidden: ID 1214 (mhandfield@oragenics.com)
Hidden: ID 1215 (mhatam@aapptec.com)
Hidden: ID 1216 (mholford@hunter.cuny.edu)
Extracted: mibel.aguilar@monash.edu -> Mibel Aguilar
Hidden: ID 1218 (mchorev.g@gmail.com)
Hidden: ID 1219 (michael_ferracane@redlands.edu)
Extracted: michael.jacobsen@utah.edu -> Michael Jacobsen
Extracted: michael.karney@cem.com -> Michael Karney
Hidden: ID 1222 (michael.wagner4@sanofi-aventis.com)
Extracted: michael.weller@bam.de -> Michael Weller
Extracted: michal.as@sri.com -> Michal As
Hidden: ID 1226 (michallebl@gmail.com)
Extracted: michelle.arkin@ucsf.edu -> Michelle Arkin
Extracted: michelle.schmidt@mnk.com -> Michelle Schmidt
Extracted: mike.choe@polypeptide.com -> Mike Choe
Extracted: mike.collins@cem.com -> Mike Collins
Extracted: mike.kearney@itochu-ca.com -> Mike Kearney
Extracted: mike.pennington@ambiopharm.com -> Mike Pennington
Hidden: ID 1234 (mikesmeenk@outlook.com)
Hidden: ID 1235 (mikulaskova@uochb.cas.cz)
Extracted: milan.fowkes@cmd.ox.ac.uk -> Milan Fowkes
Extracted: miller.stephen@gene.com -> Miller Stephen
Extracted: min.xue@ucr.edu -> Min Xue
Hidden: ID 1239 (mingsun@msg.ucsf.edu)
Extracted: mingzhou.zhou@outlook.com -> Mingzhou Zhou
Extracted: minhthao.nguyenanh@gmail.com -> Minhthao Nguyenanh
Hidden: ID 1242 (miriniedrauer@gmail.com)
Hidden: ID 1243 (mislam2018@fau.edu)
Hidden: ID 1245 (mjm19@msn.com)
Hidden: ID 1246 (mjorgen@purdue.edu)
Hidden: ID 1247 (mkessler@ironwoodpharma.com)
Hidden: ID 1248 (mkheirabadi@neontherapeutics.com)
Hidden: ID 1249 (mkokotou@chem.uoa.gr)
Hidden: ID 1250 (mkuenzle@ethz.ch)
Hidden: ID 1251 (mkuriyama@chem.s.u-tokyo.ac.jp)
Hidden: ID 1252 (mkw05853@uga.edu)
Hidden: ID 1253 (mldfulton@gmail.com)
Hidden: ID 1254 (mlwaters@email.unc.edu)
Hidden: ID 1255 (mmaduskar@aapptec.com)
Hidden: ID 1258 (mnagano@chem.s.u-tokyo.ac.jp)
Hidden: ID 1259 (mnaylor@gmail.com)
Hidden: ID 1260 (mndinguri@gmail.com)
Hidden: ID 1261 (mnell@nugentec.com)
Extracted: mohamed.seleem@unmc.edu -> Mohamed Seleem
Hidden: ID 1265 (mohd-aizuddin_kamaruddin@agilent.com)
Hidden: ID 1266 (mohenikhil2011@gmail.com)
Hidden: ID 1267 (mojsov@mail.rockefeller.edu)
Extracted: mojtaba.bagheri@gmail.com -> Mojtaba Bagheri
Extracted: monessha.nambiar@gmail.com -> Monessha Nambiar
Extracted: monica.arostica@gmail.com -> Monica Arostica
Extracted: monika.raj@emory.edu -> Monika Raj
Hidden: ID 1272 (monincova@uochb.cas.cz)
Hidden: ID 1273 (monusep@gmail.com)
Hidden: ID 1274 (morale39@purdue.edu)
Hidden: ID 1275 (morgan@fmp-berlin.de)
Hidden: ID 1276 (moroder@biochem.mpg.de)
Hidden: ID 1278 (mpalanki@hotmail.com)
Hidden: ID 1279 (mpires@virginia.edu)
Hidden: ID 1281 (mrkenny05@gmail.com)
Hidden: ID 1283 (msarnowski@mail.usf.edu)
Hidden: ID 1284 (msoloveychik@synthexlabs.com)
Hidden: ID 1285 (mstevenson3@usfca.edu)
Hidden: ID 1286 (mtaylor6@arizona.edu)
Hidden: ID 1287 (mtmachini@iq.usp.br)
Hidden: ID 1288 (mtodorov@chem.ubc.ca)
Hidden: ID 1289 (muir@princeton.edu)
Hidden: ID 1290 (mukesh.p@cdri.res.in)
Hidden: ID 1292 (muppidi_avinash@lilly.com)
Hidden: ID 1294 (murali10.samala@gmail.com)
Hidden: ID 1295 (murugapoopathiraja@gmail.com)
Hidden: ID 1296 (musamiau@gmail.com)
Hidden: ID 1299 (mwaselus@med.umich.edu)
Hidden: ID 1300 (myname_bimal@yahoo.com)
Extracted: mzarei.mail@gmail.com -> Mzarei Mail
Hidden: ID 1302 (n-nakagawa@sci.hokudai.ac.jp)
Hidden: ID 1303 (n.bragaemidio@uq.edu.au)
Hidden: ID 1304 (n.francis@biochem.utah.edu)
Hidden: ID 1305 (n.lawrence@uq.edu.au)
Hidden: ID 1306 (nabilab@email.arizona.edu)
Hidden: ID 1308 (naganagoud1@gmail.com)
Hidden: ID 1309 (naglasalemaboud@yahoo.com)
Extracted: naina.sehra@gmail.com -> Naina Sehra
Hidden: ID 1312 (nakao@peptide.co.jp)
Hidden: ID 1313 (nakash@tifrh.res.in)
Hidden: ID 1314 (nalmeida@unomaha.edu)
Extracted: narumi.tetsuo@shizuoka.ac.jp -> Narumi Tetsuo
Extracted: nassim.maarouf@umontreal.ca -> Nassim Maarouf
Extracted: natalia.molchanova@sund.ku.dk -> Natalia Molchanova
Extracted: nathan.collins@sri.com -> Nathan Collins
Hidden: ID 1319 (nboyer1980@gmail.com)
Hidden: ID 1320 (nchu3@bwh.harvard.edu)
Hidden: ID 1321 (ncx@novonordisk.com)
Hidden: ID 1322 (ndw400@email.unc.edu)
Extracted: neelam.lahankar@student.shu.edu -> Neelam Lahankar
Extracted: nelida.marinh@gmail.com -> Nelida Marinh
Hidden: ID 1327 (nerin@akdeniz.edu.tr)
Extracted: nermina.malanovic@uni-graz.at -> Nermina Malanovic
Extracted: neville.kallenbach@nyu.edu -> Neville Kallenbach
Hidden: ID 1330 (ngpark@pknu.ac.kr)
Hidden: ID 1331 (niannucci@yahoo.com.ar)
Extracted: nicholas.nystrom@peptilogics.com -> Nicholas Nystrom
Extracted: nicholas.polizzi@ucsf.edu -> Nicholas Polizzi
Extracted: nicole.sampson@stonybrook.edu -> Nicole Sampson
Hidden: ID 1337 (niederhafner@uochb.cas.cz)
Hidden: ID 1338 (nielsendaniel@gmail.com)
Hidden: ID 1339 (nihar@nyu.edu)
Extracted: nikita.oskolkov@gmail.com -> Nikita Oskolkov
Hidden: ID 1341 (nilsson@chem.rochester.edu)
Extracted: nina.hartrampf@chem.uzh.ch -> Nina Hartrampf
Hidden: ID 1344 (nishithchaturvedi@gmail.com)
Hidden: ID 1345 (nitinyadav@icgeb.res.in)
Hidden: ID 1347 (njx8d@mail.umkc.edu)
Hidden: ID 1348 (nkmiitk@gmail.com)
Extracted: noah.duffy@bachem.com -> Noah Duffy
Hidden: ID 1351 (nolanm15@tcd.ie)
Hidden: ID 1352 (nomizu@toyaku.ac.jp)
Extracted: norbert.sewald@uni-bielefeld.de -> Norbert Sewald
Extracted: norelle.daly@jcu.edu.au -> Norelle Daly
Hidden: ID 1355 (noridomi@usc.edu)
Hidden: ID 1356 (normapbr322@hotmail.com)
Hidden: ID 1359 (nsantos@fm.ul.pt)
Hidden: ID 1360 (nsb5@rice.edu)
Hidden: ID 1362 (nvispo@yachaytech.edu.ec)
Hidden: ID 1363 (nyamamoto1979@gmail.com)
Hidden: ID 1364 (nzsiddiqui98@gmail.com)
Hidden: ID 1365 (o.kreuzer@peptides.de)
Hidden: ID 1366 (ocaldararu@zealandpharma.com)
Hidden: ID 1367 (ohta.atsushi63@chugai-pharm.co.jp)
Extracted: oleg.melnyk@ibl.fr -> Oleg Melnyk
Hidden: ID 1369 (olemiss.kim01@gmail.com)
Extracted: oliver.reimann@belyntic.com -> Oliver Reimann
Hidden: ID 1371 (ololol60@gmail.com)
Hidden: ID 1372 (olso6682@umn.edu)
Hidden: ID 1373 (oraf@ekmd.huji.ac.il)
Hidden: ID 1374 (orders@interchiminc.com)
Hidden: ID 1375 (osalih@metu.edu.tr)
Hidden: ID 1376 (ottesen.1@osu.edu)
Hidden: ID 1377 (ovmakhly@syr.edu)
Hidden: ID 1378 (p.alewood@imb.uq.edu.au)
Hidden: ID 1379 (p.timmerman@pepscan.com)
Hidden: ID 1380 (p20190012@hyderabad.bits-pilani.ac.in)
Hidden: ID 1381 (palgun@uab.edu)
Hidden: ID 1382 (palomarres@aol.com)
Hidden: ID 1383 (palsunit429@gmail.com)
Hidden: ID 1384 (pamroz@indiana.edu)
Hidden: ID 1385 (panand@hunter.cuny.edu)
Extracted: paola.marion@gmail.com -> Paola Marion
Extracted: paolo.grieco@unina.it -> Paolo Grieco
Extracted: paolo.ingallinella@diasorin.it -> Paolo Ingallinella
Extracted: paolo.rovero@unifi.it -> Paolo Rovero
Extracted: paolo.ruzza@unipd.it -> Paolo Ruzza
Hidden: ID 1391 (parang@chapman.edu)
Hidden: ID 1392 (parashar@hawaii.edu)
Hidden: ID 1393 (parisah@uoregon.edu)
Hidden: ID 1394 (parkshangeun@hotmail.com)
Hidden: ID 1395 (parushuram085@gmail.com)
Hidden: ID 1397 (patcansan@yahoo.com)
Extracted: patrick.erickson@biochem.utah.edu -> Patrick Erickson
Extracted: patrick.kohlhaas@biotage.com -> Patrick Kohlhaas
Extracted: patrick.ruehl@csbio.com -> Patrick Ruehl
Extracted: patrick.th.hauck@hotmail.de -> Patrick Th
Extracted: paul.harris@auckland.ac.nz -> Paul Harris
Extracted: paul.watt@telethonkids.org.au -> Paul Watt
Extracted: paula.giraldo@vedascii.org -> Paula Giraldo
Hidden: ID 1405 (paulac@phylogica.com)
Extracted: pawel.kafarski@pwr.wroc.pl -> Pawel Kafarski
Hidden: ID 1410 (pei.3@osu.edu)
Hidden: ID 1411 (pengyu@scripps.edu)
Hidden: ID 1412 (peptech@gmail.com)
Hidden: ID 1413 (peptides@aol.com)
Hidden: ID 1414 (perez33@hawaii.edu)
Hidden: ID 1415 (perumalchemist23@gmail.com)
Extracted: peter.bell@gyrosproteintech.com -> Peter Bell
Extracted: peter.bergwall@gyrosproteintech.com -> Peter Bergwall
Extracted: peter.white@merckgroup.com -> Peter White
Extracted: petr.tatarskiy@chem.uzh.ch -> Petr Tatarskiy
Hidden: ID 1420 (pettera@biochem.mpg.de)
Hidden: ID 1421 (pgsasikumar@hotmail.com)
Extracted: philippe.karoyan@upmc.fr -> Philippe Karoyan
Hidden: ID 1425 (phoughten@tpims.org)
Hidden: ID 1426 (pidg41@gmail.com)
Hidden: ID 1427 (pikr@novonordisk.com)
Extracted: pinakin.sukthankar.esq@gmail.com -> Pinakin Sukthankar
Hidden: ID 1429 (pinheirofabiano@hotmail.com)
Hidden: ID 1430 (pjit007@gmail.com)
Hidden: ID 1431 (pjwillkar@gmail.com)
Hidden: ID 1433 (pkchaffey@gmail.com)
Extracted: pm.kim@utoronto.ca -> Pm Kim
Hidden: ID 1435 (pmelekparlak@gmail.com)
Hidden: ID 1436 (pmendoza@email.ifc.unam.mx)
Hidden: ID 1438 (polarranzg@hotmail.es)
Hidden: ID 1440 (potetinov@hotmail.com)
Hidden: ID 1441 (prasanjeetkaur92@gmail.com)
Hidden: ID 1442 (prashanthcop@gmail.com)
Hidden: ID 1443 (pratikadh@outlook.com)
Hidden: ID 1445 (prh@sund.ku.dk)
Hidden: ID 1447 (pritha.21ghosh@gmail.com)
Hidden: ID 1448 (priyaantony.p@gmail.com)
Hidden: ID 1449 (priyankalahiri4@gmail.com)
Hidden: ID 1450 (przewosny@web.de)
Hidden: ID 1451 (pts@zp.dk)
Hidden: ID 1452 (puja@hoku-iryo-u.ac.jp)
Hidden: ID 1453 (puniti@yahoo.com)
Hidden: ID 1454 (purabis799@gmail.com)
Hidden: ID 1455 (pwramteke@gmail.com)
Hidden: ID 1456 (pynden@gmail.com)
Hidden: ID 1457 (qaguthri@ncsu.edu)
Hidden: ID 1458 (qcao@rapharma.com)
Hidden: ID 1459 (qianch@pcom.edu)
Hidden: ID 1460 (qians@ornl.gov)
Hidden: ID 1461 (qiaogl@hku.hk)
Hidden: ID 1462 (qu_hongchang@lilly.com)
Hidden: ID 1463 (qxiao318@gmail.com)
Hidden: ID 1464 (qzhang5@albany.edu)
Hidden: ID 1465 (r.costante@irbm.com)
Hidden: ID 1466 (r.maharani@unpad.ac.id)
Hidden: ID 1467 (r.petracca@imperial.ac.uk)
Hidden: ID 1468 (r.rojas@outlook.cl)
Extracted: rachael.dickman.13@ucl.ac.uk -> Rachael Dickman
Hidden: ID 1470 (rafatali@iitk.ac.in)
Hidden: ID 1471 (raghavk@bii.a-star.edu.sg)
Hidden: ID 1472 (rahimis@biu.ac.il)
Hidden: ID 1474 (rahuljain@niper.ac.in)
Extracted: raimund.maier@iris-biotech.de -> Raimund Maier
Hidden: ID 1477 (raj@iiim.ac.in)
Hidden: ID 1478 (rajeevtl@aurobindousa.com)
Hidden: ID 1481 (rakikoti@gmail.com)
Extracted: ralph.schoenleber@bachem.com -> Ralph Schoenleber
Hidden: ID 1483 (shapurwadi@gmail.com)
Hidden: ID 1484 (ramesh11@illinois.edu)
Hidden: ID 1485 (rameshbn20@uasbangalore.edu.in)
Hidden: ID 1486 (rameshchingle26@gmail.com)
Hidden: ID 1488 (ramkadam@scripps.edu)
Hidden: ID 1490 (ranjanamar20@gmail.com)
Hidden: ID 1491 (ranjarin@isu.edu)
Hidden: ID 1493 (rapp-polymere@t-online.de)
Hidden: ID 1494 (ratmir@ualberta.ca)
Hidden: ID 1495 (raunak_varshney@yahoo.com)
Extracted: raymond.behrendt@merckgroup.com -> Raymond Behrendt
Extracted: raz.khan@live.biu.ac.il -> Raz Khan
Hidden: ID 1498 (rballantine01@qub.ac.uk)
Hidden: ID 1499 (rben@uottawa.ca)
Hidden: ID 1500 (rberlow@scripps.edu)
Hidden: ID 1502 (rbond@synthexlabs.com)
Extracted: rd.pacheco.cano@gmail.com -> Rd Pacheco
Hidden: ID 1504 (rdalipsingh21@gmail.com)
Hidden: ID 1505 (rdimarch@indiana.edu)
Hidden: ID 1506 (reaskhan@gmail.com)
Hidden: ID 1508 (rebuffat@mnhn.fr)
Hidden: ID 1509 (regcso0@gmail.com)
Hidden: ID 1510 (reisert@neontherapeutics.com)
Hidden: ID 1511 (reitaka@chem.s.u-tokyo.ac.jp)
Hidden: ID 1512 (rekug@ug.edu.pl)
Hidden: ID 1513 (remesic@email.arizona.edu)
Extracted: rene.kandler.rc@gmail.com -> Rene Kandler
Hidden: ID 1515 (rerh@novonordisk.com)
Hidden: ID 1516 (revathi@ualberta.ca)
Hidden: ID 1517 (reyhaneshams@yahoo.com)
Hidden: ID 1518 (rfasan@ur.rochester.edu)
Hidden: ID 1519 (rfreidinger@comcast.net)
Hidden: ID 1521 (rhoughten@tpims.org)
Hidden: ID 1522 (rhuanglab@gmail.com)
Extracted: richard.clark@uq.edu.au -> Richard Clark
Extracted: richard.payne@sydney.edu.au -> Richard Payne
Hidden: ID 1525 (richardagnes@msn.com)
Hidden: ID 1526 (richardbvbraz@gmail.com)
Hidden: ID 1527 (richrob@usc.edu)
Hidden: ID 1528 (rickpccousins@gmail.com)
Extracted: riley.giesler@biochem.utah.edu -> Riley Giesler
Hidden: ID 1531 (rituparna@iiserkol.ac.in)
Hidden: ID 1532 (rjacobs@lilly.com)
Hidden: ID 1533 (rjmr@novonordisk.com)
Hidden: ID 1534 (rmajerle01@hamline.edu)
Hidden: ID 1535 (rmalonis@mail.einstein.yu.edu)
Hidden: ID 1536 (rmull@nevada.unr.edu)
Hidden: ID 1537 (rnargund@its.jnj.com)
Hidden: ID 1538 (rnzuckermann@lbl.gov)
Extracted: ro.pescatore@ufl.edu -> Ro Pescatore
Hidden: ID 1540 (robermann@aapptec.com)
Hidden: ID 1541 (robert_garbaccio@merck.com)
Extracted: robert.hammer@bicycletx.com -> Robert Hammer
Extracted: robert.hodges@ucdenver.edu -> Robert Hodges
Extracted: robert.hoey@takeda.com -> Robert Hoey
Extracted: robert.liskamp@glasgow.ac.uk -> Robert Liskamp
Extracted: roberto.gomes@ndsu.edu -> Roberto Gomes
Hidden: ID 1547 (roberts@chem.utah.edu)
Hidden: ID 1548 (robertty@mail.nih.gov)
Hidden: ID 1549 (rofox@uh.edu)
Extracted: roger.stromberg@ki.se -> Roger Stromberg
Hidden: ID 1551 (rogerkayaleh@gmail.com)
Extracted: rohtash.kumar@bachem.com -> Rohtash Kumar
Hidden: ID 1553 (rokamoto@chem.sci.osaka-u.ac.jp)
Extracted: romain.spadaro@interchim.fr -> Romain Spadaro
Extracted: ron.he.phd@gmail.com -> Ron He
Hidden: ID 1556 (roon17779@gmail.com)
Hidden: ID 1557 (rosendoestrada@hotmail.com)
Hidden: ID 1558 (roshanxavieriisc@gmail.com)
Extracted: ross.cheloha@nih.gov -> Ross Cheloha
Hidden: ID 1560 (rosswang@temple.edu)
Hidden: ID 1561 (rowe24@purdue.edu)
Hidden: ID 1562 (rpatch2@its.jnj.com)
Hidden: ID 1563 (rpcheng@ntu.edu.tw)
Hidden: ID 1565 (rproy@nii.ac.in)
Hidden: ID 1567 (rrk0008@auburn.edu)
Hidden: ID 1568 (rrubires@bcnpeptides.com)
Hidden: ID 1569 (rs@tailormadehealth.com)
Hidden: ID 1571 (rsantos@tpims.org)
Hidden: ID 1573 (rsp@amino-acids.com)
Hidden: ID 1576 (rtraines@mit.edu)
Extracted: ruediger.haug@bachem.com -> Ruediger Haug
Hidden: ID 1578 (ruiyang@hawaii.edu)
Hidden: ID 1579 (rwcurtis@purdue.edu)
Hidden: ID 1580 (rweerasinghe@wsu.edu)
Hidden: ID 1581 (rwliu@ucdavis.edu)
Hidden: ID 1582 (rzhang4@its.jnj.com)
Hidden: ID 1583 (s_waly@yahoo.com)
Hidden: ID 1584 (s-stupp@northwestern.edu)
Hidden: ID 1586 (s.afshar@lilly.com)
Extracted: slvn.cappelletti@gmail.com -> Slvn Cappelletti
Hidden: ID 1588 (s.colarusso@irbm.com)
Hidden: ID 1589 (s.denisov@maastrichtuniversity.nl)
Hidden: ID 1590 (s.nakatani@ono.co.jp)
Hidden: ID 1591 (s.shang@outlook.com)
Hidden: ID 1592 (s.verhoork@gmail.com)
Hidden: ID 1593 (s1880555@sms.ed.ac.uk)
Hidden: ID 1594 (s4054721@student.uq.edu.au)
Extracted: saan.voss@anu.edu.au -> Saan Voss
Extracted: sabrina.riedl@uni-graz.at -> Sabrina Riedl
Extracted: sabrina.spiller@uni-leipzig.de -> Sabrina Spiller
Extracted: sachiko.matsumura@jfcr.or.jp -> Sachiko Matsumura
Hidden: ID 1600 (saderholmm@berea.edu)
Hidden: ID 1601 (sahar@ualberta.ca)
Hidden: ID 1602 (sahni.16@osu.edu)
Hidden: ID 1603 (sajid.m@uaeu.ac.ae)
Hidden: ID 1604 (saleem.7javed@gmail.com)
Hidden: ID 1605 (sales@biopeptide.com)
Hidden: ID 1607 (salim.61@osu.edu)
Extracted: salim.joubran@mail.huji.ac.il -> Salim Joubran
Extracted: salvatore.dimaro@unicampania.it -> Salvatore Dimaro
Extracted: sam.lear@gmail.com -> Sam Lear
Extracted: samantha.keyser@lilly.com -> Samantha Keyser
Hidden: ID 1613 (samanthchembio@gmail.com)
Hidden: ID 1614 (sameer_vet@rediffmail.com)
Hidden: ID 1615 (samirabazmara@yahoo.com)
Extracted: sandra.agostino@biotage.com -> Sandra Agostino
Extracted: sanjay.micro@mdurohtak.ac.in -> Sanjay Micro
Extracted: sanjit.dey@students.iiserpune.ac.in -> Sanjit Dey
Extracted: sara.fortuna@uniud.it -> Sara Fortuna
Hidden: ID 1620 (sara@originpeptides.com)
Hidden: ID 1621 (sarabjitsimar@gmail.com)
Hidden: ID 1622 (saranyaselva15@gmail.com)
Hidden: ID 1624 (sarmisthasaha.53@gmail.com)
Extracted: sathish.gandhesiri@gmail.com -> Sathish Gandhesiri
Extracted: sato.kohei@shizuoka.ac.jp -> Sato Kohei
Extracted: sato.yuta@otsuka.jp -> Sato Yuta
Hidden: ID 1631 (saven@sas.upenn.edu)
Hidden: ID 1632 (sawyerkrt@aol.com)
Hidden: ID 1633 (sbaravkar150@gmail.com)
Hidden: ID 1636 (sagbhattacharya02@gmail.com)
Hidden: ID 1637 (scamperi@ffyb.uba.ar)
Hidden: ID 1638 (scastle@chem.byu.edu)
Hidden: ID 1639 (schadha@barc.gov.in)
Hidden: ID 1640 (schauhan@pepnet.com)
Hidden: ID 1641 (schepartz@berkeley.edu)
Hidden: ID 1642 (schey013@umn.edu)
Hidden: ID 1643 (schillp@ircm.qc.ca)
Hidden: ID 1645 (schissel@mit.edu)
Hidden: ID 1647 (schneiderjp@mail.nih.gov)
Hidden: ID 1648 (schnorenberg@uchicago.edu)
Extracted: schroeder.christina@gene.com -> Schroeder Christina
Hidden: ID 1650 (schultz@embl.de)
Hidden: ID 1651 (schwemleinmn@wssu.edu)
Hidden: ID 1652 (sdesalle@umich.edu)
Hidden: ID 1653 (sdw8@uw.edu)
Extracted: seamus.brennan@lilly.com -> Seamus Brennan
Hidden: ID 1655 (seanl@genscript.com)
Hidden: ID 1656 (seanwiere@gmail.com)
Hidden: ID 1657 (seb5@illinois.edu)
Hidden: ID 1658 (sebestik@uochb.cas.cz)
Hidden: ID 1659 (seema@seemazaidi.com)
Extracted: sergio.mallart@sanofi.com -> Sergio Mallart
Extracted: sergiy.borysov@saintleo.edu -> Sergiy Borysov
Hidden: ID 1663 (sflemer@uvm.edu)
Hidden: ID 1664 (sghosh3@illumina.com)
Hidden: ID 1665 (sgisemba@ufl.edu)
Extracted: shabnam.mohandessi@wuxiapptec.com -> Shabnam Mohandessi
Hidden: ID 1667 (shafee8@rediffmail.com)
Hidden: ID 1668 (shaherinb@gmail.com)
Extracted: shaina.ly@cem.com -> Shaina Ly
Hidden: ID 1670 (shalinichem06@gmail.com)
Hidden: ID 1672 (shamoonasmat@gmail.com)
Extracted: shang.su@utoledo.edu -> Shang Su
Hidden: ID 1675 (sharmistha_d@hotmail.com)
Extracted: shashank.msc@gmail.com -> Shashank Msc
Hidden: ID 1679 (shenyunfeng@tianmapharma.com)
Hidden: ID 1680 (shh435@nyu.edu)
Hidden: ID 1681 (shibansal@ucdavis.edu)
Hidden: ID 1682 (shimko.6@osu.edu)
Hidden: ID 1683 (shinoda.kiyomichi84@chugai-pharm.co.jp)
Hidden: ID 1684 (shiraishitky@chugai-pharm.co.jp)
Hidden: ID 1685 (shjafari@ucdavis.edu)
Hidden: ID 1686 (shm126@psu.edu)
Hidden: ID 1687 (shu@asone-int.com)
Extracted: shubhendu.palei@gmail.com -> Shubhendu Palei
Hidden: ID 1689 (shubhi_sagi_17@yahoo.com)
Hidden: ID 1692 (sibaprasadmaity@creighton.edu)
Extracted: siddiqi.erum@gmail.com -> Siddiqi Erum
Hidden: ID 1694 (silvanagiudicessi@gmail.com)
Hidden: ID 1695 (silveant@scripps.edu)
Extracted: simon.vezina-dawod.1@ulaval.ca -> Simon Vezinadawod
Hidden: ID 1697 (simonebarbsa@gmail.com)
Hidden: ID 1698 (sjenkins@synthexlabs.com)
Hidden: ID 1700 (skarbou@gmail.com)
Extracted: skc.iitm@gmail.com -> Skc Iitm
Hidden: ID 1702 (skent@uchicago.edu)
Hidden: ID 1703 (sksze@ntu.edu.sg)
Hidden: ID 1704 (sliwhu@gmail.com)
Hidden: ID 1705 (slokey@ucsc.edu)
Hidden: ID 1706 (slovas@creighton.edu)
Hidden: ID 1708 (snair@affinergy.com)
Hidden: ID 1709 (sng3@ualberta.ca)
Hidden: ID 1710 (soishi@pharm.kyoto-u.ac.jp)
Hidden: ID 1712 (sombioinfo@gmail.com)
Extracted: song.aimin@gene.com -> Song Aimin
Extracted: sonia.henriques@qut.edu.au -> Sonia Henriques
Extracted: sophie.tranthi@gmail.com -> Sophie Tranthi
Hidden: ID 1717 (soudy@ualberta.ca)
Hidden: ID 1718 (soumendra@iitbbs.ac.in)
Hidden: ID 1719 (soumitra.s.ghosh@gmail.com)
Hidden: ID 1720 (spasser@bgu.ac.il)
Hidden: ID 1721 (sq@novonordisk.com)
Hidden: ID 1722 (sr@nrc.iisc.ernet.in)
Hidden: ID 1723 (sreejiththalassery@gmail.com)
Extracted: srijani.sarkar@nih.gov -> Srijani Sarkar
Hidden: ID 1725 (sson036@aucklanduni.ac.nz)
Extracted: steliana.rodino@yahoo.com -> Steliana Rodino
Extracted: steve.mcintyre@almacgroup.com -> Steve Mcintyre
Extracted: steven.ballet@vub.be -> Steven Ballet
Extracted: steven.draper@biochem.utah.edu -> Steven Draper
Hidden: ID 1732 (stevens@usc.edu)
Hidden: ID 1733 (stjoy@umich.edu)
Hidden: ID 1734 (stockdill@wayne.edu)
Extracted: stoytcho.stoev@utoledo.edu -> Stoytcho Stoev
Extracted: subo.liao@hmpharmaus.com -> Subo Liao
Hidden: ID 1738 (subrota_dt@yahoo.com)
Hidden: ID 1739 (sugupta@uoregon.edu)
Hidden: ID 1740 (sumitpramanik@csmcri.res.in)
Hidden: ID 1741 (yixings@alumni.purdue.edu)
Hidden: ID 1742 (sunanda.c@iitg.ernet.in)
Hidden: ID 1743 (sunbum86@gmail.com)
Extracted: sureshkumar.vadlamani@aurobindo.com -> Sureshkumar Vadlamani
Hidden: ID 1746 (sureshv@purdue.edu)
Extracted: susanne.huhmann@fu-berlin.de -> Susanne Huhmann
Hidden: ID 1751 (svandun@enzytag.com)
Hidden: ID 1752 (sven_r@yahoo.com)
Extracted: sven.ullrich@anu.edu.au -> Sven Ullrich
Hidden: ID 1754 (sverma@iitk.ac.in)
Hidden: ID 1755 (sweinberg@epo.org)
Hidden: ID 1756 (swentko@intavis.com)
Hidden: ID 1757 (sy3848@nyu.edu)
Hidden: ID 1758 (syjon@kaist.ac.kr)
Hidden: ID 1759 (sylviegtsodikova@uky.edu)
Hidden: ID 1760 (szeiders@purdue.edu)
Hidden: ID 1761 (t.arroyo@anaspec.com)
Hidden: ID 1762 (t.durek@imb.uq.edu.au)
Hidden: ID 1763 (t.hackeng@maastrichtuniversity.nl)
Hidden: ID 1764 (t.hill@imb.uq.edu.au)
Hidden: ID 1765 (t.thery@umail.ucc.ie)
Hidden: ID 1766 (t.yoshiya@peptide.co.jp)
Extracted: tabassumkhair.barbhuiya@hdr.qut.edu.au -> Tabassumkhair Barbhuiya
Hidden: ID 1768 (taguchi@suzuka-u.ac.jp)
Extracted: takahiko.murata@kaneka.co.jp -> Takahiko Murata
Hidden: ID 1770 (takeyamarui@chugai-pharm.co.jp)
Hidden: ID 1771 (takumi-fukazawa@hamari.co.jp)
Hidden: ID 1772 (talasrinivas@gmail.com)
Hidden: ID 1773 (tamalika@vt.edu)
Extracted: tamamura.mr@tmd.ac.jp -> Tamamura Mr
Hidden: ID 1775 (tamara@bio21.bas.bg)
Hidden: ID 1776 (tamas@menten.ai)
Extracted: tamis.darbre@dcb.unibe.ch -> Tamis Darbre
Extracted: tanaka.yoshihito@mk.mt-pharma.co.jp -> Tanaka Yoshihito
Hidden: ID 1779 (tania_dzimbova@abv.bg)
Hidden: ID 1780 (tanvi1122@gmail.com)
Hidden: ID 1782 (tapaniict@gmail.com)
Hidden: ID 1783 (tata-sosnovka@mail.ru)
Hidden: ID 1784 (tbruton@curietherapeutics.com)
Hidden: ID 1786 (tchenxj@hotmail.com)
Hidden: ID 1787 (tdietsch@purdue.edu)
Hidden: ID 1788 (terkubiak@aol.com)
Extracted: terrier.victor@gmail.com -> Terrier Victor
Hidden: ID 1790 (tetsuyak@bio.titech.ac.jp)
Hidden: ID 1791 (tgauthier@agcenter.lsu.edu)
Hidden: ID 1792 (tgraju@jncasr.ac.in)
Hidden: ID 1793 (thaddad@ucsc.edu)
Extracted: thomas.bruckdorfer@iris-biotech.de -> Thomas Bruckdorfer
Extracted: thomas.vorherr@novartis.com -> Thomas Vorherr
Hidden: ID 1797 (tien.nguyen4@tufts.edu)
Extracted: timothy.omara@itochu-ca.com -> Timothy Omara
Extracted: timothy.reichart@epfl.ch -> Timothy Reichart
Extracted: timothy.siegert@tufts.edu -> Timothy Siegert
Hidden: ID 1801 (tismirno@ncsu.edu)
Hidden: ID 1802 (tiwari@chapman.edu)
Hidden: ID 1803 (tjpark@cmh.edu)
Hidden: ID 1804 (tjustice@creosalus.com)
Hidden: ID 1805 (tkha@novonordisk.com)
Hidden: ID 1806 (tklee@utdallas.edu)
Hidden: ID 1807 (tkobmr@tmd.ac.jp)
Extracted: tl.lopez.silva@gmail.com -> Tl Lopez
Hidden: ID 1809 (tlobl@aemf.org)
Hidden: ID 1810 (tluong@synthexlabs.com)
Hidden: ID 1811 (tmilly@unr.edu)
Hidden: ID 1812 (tmkato@life.kyutech.ac.jp)
Hidden: ID 1813 (tmorgan@pepnet.com)
Hidden: ID 1814 (tmvishwa@gmail.com)
Extracted: tobias.schnitzer@org.chem.ethz.ch -> Tobias Schnitzer
Extracted: togashi.yuko@ma.mt-pharma.co.jp -> Togashi Yuko
Hidden: ID 1817 (tolbert@ku.edu)
Hidden: ID 1818 (tom_tucker@merck.com)
Extracted: tom.mcallister@newcastle.ac.uk -> Tom Mcallister
Hidden: ID 1820 (tomizaki@rins.ryukoku.ac.jp)
Hidden: ID 1821 (tong@cpcscientific.com)
Hidden: ID 1822 (toscamario@gmail.com)
Hidden: ID 1823 (toshiaki-hara@hamari.co.jp)
Hidden: ID 1824 (toveki@kth.se)
Hidden: ID 1825 (traaseth@nyu.edu)
Extracted: tracy.lane@orbitdiscovery.com -> Tracy Lane
Hidden: ID 1827 (treffer@multisyntech.com)
Hidden: ID 1828 (tridips@gmail.com)
Extracted: trishul.shah@polypeptide.com -> Trishul Shah
Extracted: trudy.holyst@bcw.edu -> Trudy Holyst
Hidden: ID 1832 (truonga@usc.edu)
Hidden: ID 1833 (tshj@novonordisk.com)
Hidden: ID 1834 (tsomaiant@gmail.com)
Hidden: ID 1835 (tsuda@peptide.co.jp)
Hidden: ID 1836 (ttakahas@gunma-u.ac.jp)
Hidden: ID 1837 (ttn298@nyu.edu)
Extracted: tuan.samdin@nih.gov -> Tuan Samdin
Hidden: ID 1839 (tungl2@illinois.edu)
Hidden: ID 1840 (twkwainus@outlook.com)
Hidden: ID 1841 (twmoore@uic.edu)
Hidden: ID 1842 (tyakovlev@cop.ufl.edu)
Hidden: ID 1843 (udaya@omgene.com)
Hidden: ID 1844 (uebel@biochem.mpg.de)
Hidden: ID 1845 (upadhyaya.3@osu.edu)
Hidden: ID 1846 (usariyer@gmail.com)
Extracted: uttamghosh.chem@gmail.com -> Uttamghosh Chem
Hidden: ID 1848 (v.fathi83@yahoo.com)
Hidden: ID 1849 (v.piacenti@irbm.com)
Hidden: ID 1850 (v.sarojini@auckland.ac.nz)
Extracted: vahid.dianati@usherbrooke.ca -> Vahid Dianati
Hidden: ID 1853 (valentinalukinovic@cunet.carleton.ca)
Hidden: ID 1854 (valenzuela_francisco@lilly.com)
Extracted: vamsi.emea@gmail.com -> Vamsi Emea
Extracted: vani.junior@ufabc.edu.br -> Vani Junior
Hidden: ID 1858 (vardanyr@email.arizona.edu)
Hidden: ID 1859 (varunfsn@gmail.com)
Hidden: ID 1860 (vddonk@illinois.edu)
Hidden: ID 1861 (veberdf@comcast.net)
Hidden: ID 1862 (vedsrivastava1@yahoo.com)
Hidden: ID 1864 (veraneves@medicina.ulisboa.pt)
Hidden: ID 1865 (verlanderm@aol.com)
Hidden: ID 1866 (vgarsky@verizon.net)
Hidden: ID 1867 (vgf@novonordisk.com)
Hidden: ID 1868 (vguerlavais@sarepta.com)
Extracted: vibhor.mishra@stjude.org -> Vibhor Mishra
Hidden: ID 1870 (vibin@iitg.ac.in)
Extracted: victoria.machtey@live.biu.ac.il -> Victoria Machtey
Hidden: ID 1873 (victoroutlaw@missouri.edu)
Extracted: vida.castrop@gmail.com -> Vida Castrop
Hidden: ID 1877 (vikas.kumar5@icar.gov.in)
Hidden: ID 1878 (vikgopal@gmail.com)
Hidden: ID 1879 (viklein@ucsc.edu)
Hidden: ID 1880 (viknanda@gmail.com)
Extracted: viral.jogani@sunpharma.com -> Viral Jogani
Hidden: ID 1883 (vishal.sahu2007@gmail.com)
Extracted: vita.sereikaite@sund.ku.dk -> Vita Sereikaite
Extracted: vittorio.montanari@tufts.edu -> Vittorio Montanari
Hidden: ID 1886 (viveka22@gmail.com)
Hidden: ID 1889 (vmulligan82@gmail.com)
Hidden: ID 1890 (vndpandey@gmail.com)
Hidden: ID 1891 (vrai@iiserb.ac.in)
Hidden: ID 1893 (vrpattabiraman@org.chem.ethz.ch)
Hidden: ID 1894 (vrporter@umich.edu)
Hidden: ID 1895 (vtma@novonordisk.com)
Hidden: ID 1896 (vvolchenok@ironwoodpharma.com)
Hidden: ID 1897 (w_haq@cdri.res.in)
Hidden: ID 1900 (wanaltei@yahoo.com.br)
Hidden: ID 1902 (wang1328@umn.edu)
Hidden: ID 1903 (wang3289@purdue.edu)
Hidden: ID 1904 (wangliang_sally@peplib.com)
Hidden: ID 1905 (wangwz@nanoctr.cn)
Hidden: ID 1906 (watachem@mx4.tiki.ne.jp)
Hidden: ID 1907 (wathsalaliyanage@yahoo.com)
Hidden: ID 1908 (wblackwell@aktisoncology.com)
Hidden: ID 1909 (wc506.ic@gmail.com)
Hidden: ID 1910 (wcai@uwhealth.org)
Hidden: ID 1911 (wcp@umn.edu)
Extracted: wei.wang@csbio.com -> Wei Wang
Extracted: weiliang.xu@biochem.utah.edu -> Weiliang Xu
Hidden: ID 1915 (wendyhartsock@gmail.com)
Hidden: ID 1916 (wennemers@org.chem.ethz.ch)
Extracted: wesley.greiner@csbio.com -> Wesley Greiner
Hidden: ID 1918 (wevenson@usc.edu)
Hidden: ID 1919 (whitty@bu.edu)
Hidden: ID 1920 (wickware@ualberta.ca)
Extracted: wieslaw.klis@sial.com -> Wieslaw Klis
Extracted: william.lubell@umontreal.ca -> William Lubell
Hidden: ID 1923 (wilson@scripps.edu)
Extracted: wioleta.kowalczyk@csiro.au -> Wioleta Kowalczyk
Extracted: witold.neugebauer@usherbrooke.ca -> Witold Neugebauer
Hidden: ID 1926 (wjws85@gmail.com)
Hidden: ID 1927 (wndmsaldls@naver.com)
Hidden: ID 1928 (woogie@chem.ucla.edu)
Hidden: ID 1929 (wqian@imra.com)
Hidden: ID 1930 (ws@ws-partners.com)
Hidden: ID 1931 (wshen@scripps.edu)
Hidden: ID 1932 (wsliu2007@tamu.edu)
Extracted: wu.hao@gene.com -> Wu Hao
Hidden: ID 1934 (wyao@incyte.com)
Hidden: ID 1935 (wynpark@chungbuk.ac.kr)
Hidden: ID 1936 (wzhang@creosalus.com)
Hidden: ID 1937 (wzhong@auriniapharma.com)
Hidden: ID 1938 (xgu@nektar.com)
Hidden: ID 1939 (xiang_ning@yahoo.com)
Extracted: xiaoyang.guan@colorado.edu -> Xiaoyang Guan
Extracted: xiaoyi.wang@nih.gov -> Xiaoyi Wang
Hidden: ID 1942 (xin_cheng@eisai.com)
Hidden: ID 1943 (xinjunzhang@scilight-peptide.com)
Hidden: ID 1944 (xintingl@uw.edu)
Extracted: xinxia.liang.1@ulaval.ca -> Xinxia Liang
Hidden: ID 1946 (xjyu@ucdavis.edu)
Hidden: ID 1947 (xpulido@ut.edu.co)
Hidden: ID 1948 (xqi@cop.ufl.edu)
Extracted: xu.pengyu@otsuka.jp -> Xu Pengyu
Hidden: ID 1950 (xuan_pan@wuxiapptec.com)
Hidden: ID 1951 (xuechenl@hku.hk)
Extracted: xuezhi.zhao@nih.gov -> Xuezhi Zhao
Hidden: ID 1953 (xyzmicha@bc.edu)
Hidden: ID 1954 (y_kiso@nagahama-i-bio.ac.jp)
Hidden: ID 1955 (y-goto@chem.s.u-tokyo.ac.jp)
Hidden: ID 1956 (y.huang@imb.uq.edu.au)
Hidden: ID 1957 (y141034@toyaku.ac.jp)
Hidden: ID 1958 (y144041@toyaku.ac.jp)
Extracted: yadong.liu@bachem.com -> Yadong Liu
Hidden: ID 1960 (yahyajad@yahoo.com)
Extracted: yamaguchi.takahiro.ar@daiichisankyo.co.jp -> Yamaguchi Takahiro
Hidden: ID 1963 (yangell@genedit.com)
Hidden: ID 1964 (yanghj1@uci.edu)
Hidden: ID 1965 (yangzhou@email.arizona.edu)
Hidden: ID 1966 (yaoguiyang@ipm-gba.org.cn)
Hidden: ID 1968 (yblim@yonsei.ac.kr)
Hidden: ID 1969 (ychen@affinergy.com)
Hidden: ID 1970 (ychou@ualberta.ca)
Hidden: ID 1971 (yding@cop.ufl.edu)
Hidden: ID 1972 (ydmytro@yahoo.com)
Hidden: ID 1973 (ydy1130@korea.ac.kr)
Extracted: yejiao.shi@qmul.ac.uk -> Yejiao Shi
Extracted: yassin.elbatrawi@gilead.com -> Yassin Elbatrawi
Extracted: yenchunlee.chem@gmail.com -> Yenchunlee Chem
Hidden: ID 1977 (yeon@email.arizona.edu)
Extracted: yesica.garcia.ramos@gmail.com -> Yesica Garcia
Hidden: ID 1979 (yhayashi@toyaku.ac.jp)
Hidden: ID 1980 (yingkitj@ualberta.ca)
Hidden: ID 1981 (yipin.chang76@gmail.com)
Hidden: ID 1983 (ymkim@konkuk.ac.kr)
Hidden: ID 1984 (yml@mail.tsinghua.edu.cn)
Hidden: ID 1985 (yongchaosu@gmail.com)
Extracted: yongcheng.liu@tyson.com -> Yongcheng Liu
Hidden: ID 1988 (yoonl@scripps.edu)
Hidden: ID 1989 (yoostan@gmail.com)
Extracted: yousef.abulhaija@gmail.com -> Yousef Abulhaija
Extracted: yousra.hamdane@umontreal.ca -> Yousra Hamdane
Hidden: ID 1992 (yqiu2@e.ntu.edu.sg)
Hidden: ID 1993 (ysajingi@kustwudil.edu.ng)
Hidden: ID 1994 (yshin22@snu.ac.kr)
Hidden: ID 1995 (yslee@snu.ac.kr)
Hidden: ID 1996 (ytalgan@unr.edu)
Hidden: ID 1997 (yu_tao@wuxiapptec.com)
Extracted: yu-shan.lin@tufts.edu -> Yushan Lin
Hidden: ID 1999 (yu.tian9@merck.com)
Hidden: ID 2000 (yunseop@mwc.co.kr)
Hidden: ID 2001 (yurko@pitt.edu)
Hidden: ID 2002 (yuta-shibue@ds-pharma.co.jp)
Extracted: yuuki.hirata@kyowa-kirin.co.jp -> Yuuki Hirata
Hidden: ID 2004 (yuyama@ps.toyaku.ac.jp)
Hidden: ID 2005 (yware@neontherapeutics.com)
Hidden: ID 2006 (yxma@tjhecheng.com)
Hidden: ID 2007 (yzhang684@gmail.com)
Hidden: ID 2009 (z.dekan@imb.uq.edu.au)
Extracted: zachary.cruz@utah.edu -> Zachary Cruz
Hidden: ID 2011 (zack.g.zachariassen@uit.no)
Hidden: ID 2012 (zadams@scripps.edu)
Hidden: ID 2013 (zaidamso@gmail.com)
Hidden: ID 2014 (zakova@uochb.cas.cz)
Extracted: zaldivar.gervasio@gmail.com -> Zaldivar Gervasio
Hidden: ID 2018 (zeynepkanlidere@gmail.com)
Hidden: ID 2019 (zgates@mit.edu)
Extracted: zh.liu@anaspec.com -> Zh Liu
Hidden: ID 2021 (zhang418@indiana.edu)
Hidden: ID 2022 (zhangyuefei@westlake.edu.cn)
Hidden: ID 2024 (zhaoying@nanoctr.cn)
Extracted: zheng.hon@gmail.com -> Zheng Hon
Extracted: zhengwen.lian@tufts.edu -> Zhengwen Lian
Extracted: zhiyong.tao@mnk.com -> Zhiyong Tao
Extracted: zhonghan.li@ucr.edu -> Zhonghan Li
Extracted: zhongping.tan@colorado.edu -> Zhongping Tan
Hidden: ID 2031 (zhou_shali@qq.com)
Hidden: ID 2032 (zhou.l@buchi.com)
Extracted: zhou.yuhui@gene.com -> Zhou Yuhui
Hidden: ID 2034 (ziaei100@mail.chapman.edu)
Hidden: ID 2035 (ziqingqian@gmail.com)
Hidden: ID 2036 (zjhs@novonordisk.com)
Hidden: ID 2037 (zl9wn@virginia.edu)
Hidden: ID 2039 (zondlo@udel.edu)
Hidden: ID 2040 (zoocjy@gate.sinica.edu.tw)

Summary (DRY RUN):
  Names extracted: 507
  Records hidden: 1304
  Records skipped: 0
  Total processed: 1811
This was a dry run. Use without --dry-run to make changes.
